,title,sents
0,在原元方_1,ふるとしに春たちける日よめる
1,在原元方_1,としのうちに春はきにけりひととせをこぞとやいはむことしとやいはむ
2,紀貫之_2,はるたちける日よめる
3,紀貫之_2,袖ひちてむすびし水のこほれるを春立つけふの風やとくらむ
4,よみ人しらず_3,題しらず
5,よみ人しらず_3,春霞たてるやいづこみよしののよしのの山に雪はふりつつ
6,_4,二条のきさきのはるのはじめの御うた
7,_4,雪の内に春はきにけりうぐひすのこほれる涙今やとくらむ
8,よみ人しらず_5,題しらず
9,よみ人しらず_5,梅がえにきゐるうぐひすはるかけてなけどもいまだ雪はふりつつ
10,素性法師_6,雪の木にふりかかれるをよめる
11,素性法師_6,春立てば花とや見らむ白雪のかかれる枝にうぐひすぞなく
12,よみ人しらず_7,題しらず
13,よみ人しらず_7,心ざしふかくそめてし折りければきえあへぬ雪の花と見ゆらむ
14,文屋やすひで_8,二条のきさきのとう宮のみやすんどころときこえけ
15,文屋やすひで_8,る時、正月三日おまへにめして、おほせごとあるあひだに、日はてりながら雪のかしら
16,文屋やすひで_8,にふりかかりけるをよませ給ひける
17,きのつらゆき_9,ゆきのふりけるをよめる
18,きのつらゆき_9,霞たちこのめもはるの雪ふれば花なきさとも花ぞちりける
19,ふぢはらのことなほ_10,春のはじめによめる
20,ふぢはらのことなほ_10,はるやとき花やおそきとききわかむ鶯だにもなかずもあるかな
21,みぶのただみね_11,はるのはじめのうた
22,みぶのただみね_11,春きぬと人はいへどもうぐひすのなかぬかぎりはあらじとぞ思ふ
23,源まさずみ_12,寛平御時きさいの宮のうたあはせのうた
24,源まさずみ_12,谷風にとくるこほりのひまごとにうちいづる浪や春のはつ花
25,紀とものり_13,花のかを風のたよりにたぐへてぞ鶯さそふしるべにはやる
26,大江千里_14,うぐひすの谷よりいづるこゑなくは春くることをたれかしらまし
27,在原棟梁_15,春たてど花もにほはぬ山ざとはものうかるねに鶯ぞなく
28,よみ人しらず_16,題しらず
29,よみ人しらず_16,野辺ちかくいへゐしせればうぐひすのなくなるこゑはあさなあさなきく
30,_17,かすがのはけふはなやきそわか草のつまもこもれり我もこもれり
31,_18,かすがののとぶひののもりいでて見よ今いくかありてわかなつみてむ
32,_19,み山には松の雪だにきえなくに宮こはのべのわかなつみけり
33,_20,梓弓おしてはるさめけふふりぬあすさへふらばわかなつみてむ
34,_21,仁和のみかどみこにおましましける時に、人にわか
35,_21,なたまひける御うた
36,つらゆき_22,哥たてまつれとおほせられし時よみてたてまつれる
37,在原行平朝臣_23,題しらず
38,在原行平朝臣_23,はるのきるかすみの衣ぬきをうすみ山風にこそみだるべらなれ
39,源むねゆきの朝臣_24,寛平御時きさいの宮の哥合によめる
40,源むねゆきの朝臣_24,ときはなる松のみどりも春くれば今ひとしほの色まさりけり
41,つらゆき_25,哥たてまつれとおほせられし時によみてたてまつれ
42,つらゆき_25,る
43,_26,あをやぎのいとよりかくる春しもぞみだれて花のほころびにける
44,僧正遍昭_27,西大寺のほとりの柳をよめる
45,僧正遍昭_27,あさみどりいとよりかけてしらつゆをたまにもぬける春の柳か
46,よみ人しらず_28,題しらず
47,よみ人しらず_28,ももちどりさへづる春は物ごとにあらたまれども我ぞふり行く
48,_29,をちこちのたづきもしらぬ山なかにおぼつかなくもよぶこどりかな
49,凡河内みつね_30,かりのこゑをききてこしへまかりにける人を思ひて
50,凡河内みつね_30,よめる
51,伊勢_31,帰雁をよめる
52,伊勢_31,はるがすみたつを見すててゆくかりは花なきさとにすみやならへる
53,よみ人しらず_32,題しらず
54,よみ人しらず_32,折りつれば袖こそにほへ梅花有りとやここにうぐひすのなく
55,_33,色よりもかこそあはれとおもほゆれたが袖ふれしやどの梅ぞも
56,_34,やどちかく梅の花うゑじあぢきなくまつ人のかにあやまたれけり
57,_35,梅花たちよるばかりありしより人のとがむるかにぞしみぬる
58,東三条の左のおほいまうちぎみ_36,むめの花ををりてよめる
59,東三条の左のおほいまうちぎみ_36,鶯の笠にぬふといふ梅花折りてかざさむおいかくるやと
60,素性法師_37,題しらず
61,素性法師_37,よそにのみあはれとぞ見し梅花あかぬいろかは折りてなりけり
62,とものり_38,むめの花ををりて人におくりける
63,とものり_38,君ならで誰にか見せむ梅花色をもかをもしる人ぞしる
64,つらゆき_39,くらぶ山にてよめる
65,つらゆき_39,梅花にほふ春べはくらぶ山やみにこゆれどしるくぞ有りける
66,みつね_40,月夜に梅花ををりてと人のいひければ、をるとてよ
67,みつね_40,める
68,_41,はるのよ梅花をよめる
69,_41,春の夜のやみはあやなし梅花色こそ見えねかやはかくるる
70,つらゆき_42,はつせにまうづるごとにやどりける人の家に、ひさ
71,つらゆき_42,しくやどらで、ほどへてのちにいたれりければ、かの家のあるじ、かくさだかになむや
72,つらゆき_42,どりはあるといひいだして侍りければ、そこにたてりけるむめの花ををりてよめる
73,伊勢_43,水のほとりに梅花さけりけるをよめる
74,伊勢_43,春ごとにながるる河を花と見てをられぬ水に袖やぬれなむ
75,_44,年をへて花のかがみとなる水はちりかかるをやくもるといふらむ
76,つらゆき_45,家にありける梅花のちりけるをよめる
77,つらゆき_45,くるとあくとめかれぬものを梅花いつの人まにうつろひぬらむ
78,よみ人しらず_46,寛平御時きさいの宮の哥合のうた
79,よみ人しらず_46,梅がかをそでにうつしてとどめてば春はすぐともかたみならまし
80,素性法師_47,ちると見てあるべきものを梅花うたてにほひのそでにとまれる
81,よみ人しらず_48,題しらず
82,よみ人しらず_48,ちりぬともかをだにのこせ梅花こひしき時のおもひいでにせむ
83,つらゆき_49,人の家にうゑたりけるさくらの花さきはじめたりけ
84,つらゆき_49,るを見てよめる
85,よみ人しらず_50,題しらず
86,よみ人しらず_50,山たかみ人もすさめぬさくら花いたくなわびそ我見はやさむ
87,_51,やまざくらわが見にくれば春霞峯にもをにもたちかくしつつ
88,さきのおほきおほいまうちぎみ_52,そめどののきさきのおまへに花がめにさくらの花を
89,さきのおほきおほいまうちぎみ_52,ささせ給へるを見てよめる
90,在原業平朝臣_53,なぎさの院にてさくらを見てよめる
91,在原業平朝臣_53,世中にたえてさくらのなかりせば春の心はのどけからまし
92,よみ人しらず_54,題しらず
93,よみ人しらず_54,いしばしるたきなくもがな桜花たをりてもこむ見ぬ人のため
94,そせい法し_55,山のさくらを見てよめる
95,そせい法し_55,見てのみや人にかたらむさくら花てごとにをりていへづとにせむ
96,_56,花ざかりに京を見やりてよめる
97,_56,みわたせば柳桜をこきまぜて宮こぞ春の錦なりける
98,きのとものり_57,さくらの花のもとにて年のおいぬることをなげきて
99,きのとものり_57,よめる
100,つらゆき_58,をれるさくらをよめる
101,つらゆき_58,たれしかもとめてをりつる春霞たちかくすらむ山のさくらを
102,_59,哥たてまつれとおほせられし時によみてたてまつれ
103,_59,る
104,とものり_60,寛平御時きさいの宮の哥合のうた
105,とものり_60,み吉野の山べにさけるさくら花雪かとのみぞあやまたれける
106,伊勢_61,やよひにうるふ月ありける年よみける
107,伊勢_61,さくら花春くははれる年だにも人の心にあかれやはせぬ
108,よみ人しらず_62,さくらの花のさかりに、ひさしくとはざりける人の
109,よみ人しらず_62,きたりける時によみける
110,なりひらの朝臣_63,返し
111,なりひらの朝臣_63,けふこずはあすは雪とぞふりなましきえずはありとも花と見ましや
112,よみ人しらず_64,題しらず
113,よみ人しらず_64,ちりぬればこふれどしるしなき物をけふこそさくらをらばをりてめ
114,_65,をりとらばをしげにもあるか桜花いざやどかりてちるまでは見む
115,きのありとも_66,さくらいろに衣はふかくそめてきむ花のちりなむのちのかたみに
116,みつね_67,さくらの花のさけりけるを見にまうできたりける人
117,みつね_67,によみておくりける
118,伊勢_68,亭子院哥合の時よめる
119,伊勢_68,見る人もなき山ざとのさくら花ほかのちりなむのちぞさかまし
120,よみ人しらず_69,題しらず
121,よみ人しらず_69,春霞たなびく山のさくら花うつろはむとや色かはりゆく
122,_70,まてといふにちらでしとまる物ならばなにを桜に思ひまさまし
123,_71,のこりなくちるぞめでたき桜花ありて世中はてのうければ
124,_72,このさとにたびねしぬべしさくら花ちりのまがひにいへぢわすれて
125,_73,空蝉の世にもにたるか花ざくらさくと見しまにかつちりにけり
126,これたかのみこ_74,僧正遍昭によみておくりける
127,これたかのみこ_74,さくら花ちらばちらなむちらずとてふるさと人のきても見なくに
128,そうく法師_75,雲林院にてさくらの花のちりけるを見てよめる
129,そうく法師_75,桜ちる花の所は春ながら雪ぞふりつつきえがてにする
130,そせい法し_76,さくらの花のちり侍りけるを見てよみける
131,そせい法し_76,花ちらす風のやどりはたれかしる我にをしへよ行きてうらみむ
132,そうく法し_77,うりむゐんにてさくらの花をよめる
133,そうく法し_77,いざさくら我もちりなむひとさかりありなば人にうきめ見えなむ
134,つらゆき_78,あひしれりける人のまうできてかへりにけるのちに
135,つらゆき_78,よみて花にさしてつかはしける
136,_79,山のさくらを見てよめる
137,_79,春霞なにかくすらむ桜花ちるまをだにも見るべき物を
138,藤原よるかの朝臣_80,心地そこなひてわづらひける時に、風にあたらじと
139,藤原よるかの朝臣_80,ておろしこめてのみ侍りけるあひだに、をれるさくらのちりがたになれりけるを見てよ
140,藤原よるかの朝臣_80,める
141,すがのの高世_81,東宮雅院にてさくらの花のみかは水にちりてながれ
142,すがのの高世_81,けるを見てよめる
143,つらゆき_82,さくらの花のちりけるをよみける
144,つらゆき_82,ごとならばさかずやはあらぬさくら花見る我さへにしづ心なし
145,_83,さくらのごととくちる物はなしと人のいひければよ
146,_83,める
147,きのとものり_84,桜の花のちるをよめる
148,きのとものり_84,久方のひかりのどけき春の日にしづ心なく花のちるらむ
149,ふぢはらのよしかぜ_85,春宮のたちはきのぢんにてさくらの花のちるをよめ
150,ふぢはらのよしかぜ_85,る
151,凡河内みつね_86,さくらのちるをよめる
152,凡河内みつね_86,雪とのみふるだにあるをさくら花いかにちれとか風の吹くらむ
153,つらゆき_87,ひえにのぼりてかへりまうできてよめる
154,つらゆき_87,山たかみみつつわがこしさくら花風は心にまかすべらなり
155,大伴くろぬし_88,題しらず
156,大伴くろぬし_88,春雨のふるは涙かさくら花ちるををしまぬ人しなければ
157,つらゆき_89,亭子院哥合哥
158,つらゆき_89,さくら花ちりぬる風のなごりには水なきそらに浪ぞたちける
159,_90,ならのみかどの御うた
160,_90,ふるさととなりにしならのみやこにも色はかはらず花はさきけり
161,よしみねのむねさだ_91,はるのうたとてよめる
162,よしみねのむねさだ_91,花の色はかすみにこめて見せずともかをだにぬすめ春の山かぜ
163,そせい法し_92,寛平御時きさいの宮の哥合のうた
164,そせい法し_92,はなの木も今はほりうゑじ春たてばうつろふ色に人ならひけり
165,よみ人しらず_93,題しらず
166,よみ人しらず_93,春の色のいたりいたらぬさとはあらじさけるさかざる花の見ゆらむ
167,つらゆき_94,はるのうたとてよめる
168,つらゆき_94,みわ山をしかもかくすか春霞人にしられぬ花やさくらむ
169,そせい_95,うりむゐんのみこのもとに、花見にきた山のほとり
170,そせい_95,にまかれりける時によめる
171,_96,はるのうたとてよめる
172,_96,いつまでか野辺に心のあくがれむ花しちらずは千世もへぬべし
173,よみ人しらず_97,題しらず
174,よみ人しらず_97,春ごとに花のさかりはありなめどあひ見む事はいのちなりけり
175,_98,花のごと世のつねならばすぐしてし昔は又もかへりきなまし
176,_99,吹く風にあつらへつくる物ならばこのひともとはよぎよといはまし
177,_100,まつ人もこぬものゆゑにうぐひすのなきつる花ををりてけるかな
178,藤原おきかぜ_101,寛平御時きさいの宮のうたあはせのうた
179,藤原おきかぜ_101,さく花は千くさながらにあだなれどたれかははるをうらみはてたる
180,_102,春霞色のちくさに見えつるはたなびく山の花のかげかも
181,ありはらのもとかた_103,霞立つ春の山べはとほけれど吹きくる風は花のかぞする
182,みつね_104,うつろへる花を見てよめる
183,みつね_104,花見れば心さへにぞうつりけるいろにはいでじ人もこそしれ
184,よみ人しらず_105,題しらず
185,よみ人しらず_105,鶯のなくのべごとにきて見ればうつろふ花に風ぞふきける
186,_106,吹く風をなきてうらみよ鶯は我やは花に手だにふれたる
187,典侍洽子朝臣_107,ちる花のなくにしとまる物ならば我鶯におとらましやは
188,藤原のちかげ_108,仁和の中将のみやすん所の家に哥合せむとてしける
189,藤原のちかげ_108,時によみける
190,そせい_109,うぐひすのなくをよめる
191,そせい_109,こづたへばおのがはかぜにちる花をたれにおほせてここらなくらむ
192,みつね_110,鶯の花の木にてなくをよめる
193,みつね_110,しるしなきねをもなくかなうぐひすのことしのみちる花ならなくに
194,よみ人しらず_111,題しらず
195,よみ人しらず_111,こまなめていざ見にゆかむふるさとは雪とのみこそ花はちるらめ
196,_112,ちる花をなにかうらみむ世中にわが身もともにあらむ物かは
197,小野小町_113,花の色はうつりにけりないたづらにわが身世にふるながめせしまに
198,そせい_114,仁和の中将のみやすん所の家に哥合せむとしける時
199,そせい_114,によめる
200,つらゆき_115,しがの山ごえに女のおほくあへりけるに、よみてつ
201,つらゆき_115,かはしける
202,_116,寛平御時きさいの宮の哥合のうた
203,_116,春ののにわかなつまむとこしものをちりかふ花にみちはまどひぬ
204,_117,山でらにまうでたりけるによめる
205,_117,やどりして春の山辺にねたる夜は夢の内にも花ぞちりける
206,_118,寛平御時きさいの宮の哥合のうた
207,_118,吹く風と谷の水としなかりせばみ山がくれの花を見ましや
208,僧正遍昭_119,しがよりかへりけるをうなどもの花山にいりて
209,僧正遍昭_119,ふぢの花のもとにたちよりてかへりけるに、よみておくりける
210,みつね_120,家にふぢの花のさけりけるを、人のたちとまりて見
211,みつね_120,けるをよめる
212,よみ人しらず_121,題しらず
213,よみ人しらず_121,今もかもさきにほふらむ橘のこじまのさきの山吹の花
214,_122,春雨ににほへる色もあかなくにかさへなつかし山吹の花
215,_123,山ぶきはあやななさきそ花見むとうゑけむ君がこよひこなくに
216,つらゆき_124,よしの河のほとりに山ぶきのさけりけるをよめる
217,よみ人しらず_125,題しらず
218,よみ人しらず_125,かはづなくゐでの山吹ちりにけり花のさかりにあはまし物を
219,そせい_126,春の哥とてよめる
220,そせい_126,おもふどち春の山辺にうちむれてそこともいはぬたびねしてしか
221,みつね_127,はるのとくすぐるをよめる
222,みつね_127,あづさゆみ春たちしより年月のいるがごとくもおもほゆるかな
223,つらゆき_128,やよひにうぐひすのこゑのひさしうきこえざりける
224,つらゆき_128,をよめる
225,ふかやぶ_129,やよひのつごもりがたに山をこえけるに、山河より
226,ふかやぶ_129,花のながれけるをよめる
227,もとかた_130,はるををしみてよめる
228,もとかた_130,をしめどもとどまらなくに春霞かへる道にしたちぬとおもへば
229,おきかぜ_131,寛平御時きさいの宮の哥合のうた
230,おきかぜ_131,こゑたえずなけやうぐひすひととせにふたたびとだにくべき春かは
231,みつね_132,やよひのつごもりの日、花つみよりかへりける女
232,みつね_132,どもを見てよめる
233,なりひらの朝臣_133,やよひのつごもりの日あめのふりけるに、ふぢの花
234,なりひらの朝臣_133,ををりて人につかはしける
235,みつね_134,亭子院の哥合のはるのはてのうた
236,みつね_134,けふのみと春をおもはぬ時だにも立つことやすき花のかげかは
237,よみ人しらず_135,題しらず
238,よみ人しらず_135,わがやどの池の藤波さきにけり山郭公いつかきなかむ
239,紀としさだ_136,う月にさけるさくらを見てよめる
240,紀としさだ_136,あはれてふ事をあまたにやらじとや春におくれてひとりさくらむ
241,よみ人しらず_137,題しらず
242,よみ人しらず_137,さ月まつ山郭公うちはぶき今もなかなむこぞのふるごゑ
243,伊勢_138,五月こばなきもふりなむ郭公まだしきほどのこゑをきかばや
244,よみ人しらず_139,さつきまつ花橘のかをかげば昔の人の袖のかぞする
245,_140,いつのまにさ月きぬらむあしひきの山郭公今ぞなくなる
246,_141,けさきなきいまだたびなる郭公花たちばなにやどはからなむ
247,きのとものり_142,おとは山をこえける時に郭公のなくをききてよめる
248,そせい_143,郭公のはじめてなきけるをききてよめる
249,そせい_143,郭公はつこゑきけばあぢきなくぬしさだまらぬこひせらるはた
250,_144,ならのいその神でらにて郭公のなくをよめる
251,_144,いその神ふるき宮この郭公声ばかりこそむかしなりけれ
252,よみ人しらず_145,題しらず
253,よみ人しらず_145,夏山になく郭公心あらば物思ふ我に声なきかせそ
254,_146,郭公なくこゑきけばわかれにしふるさとさへぞこひしかりける
255,_147,ほととぎすながなくさとのあまたあれば猶うとまれぬ思ふ物から
256,_148,思ひいづるときはの山の郭公唐紅のふりいでてぞなく
257,_149,声はして涙は見えぬ郭公わが衣手のひつをからなむ
258,_150,あしひきの山郭公をりはへてたれかまさるとねをのみぞなく
259,_151,今さらに山へかへるな郭公こゑのかぎりはわがやどになけ
260,みくにのまち_152,やよやまて山郭公事づてむ我世中にすみわびぬとよ
261,紀とものり_153,寛平御時きさいの宮の哥合のうた
262,紀とものり_153,五月雨に物思ひをれば郭公夜ふかくなきていづちゆくらむ
263,_154,夜やくらき道やまどへるほととぎすわがやどをしもすぎがてになく
264,大江千里_155,やどりせし花橘もかれなくになどほととぎすこゑたえぬらむ
265,きのつらゆき_156,夏の夜のふすかとすれば郭公なくひとこゑにあくるしののめ
266,みぶのただみね_157,くるるかと見ればあけぬるなつのよをあかずとやなく山郭公
267,紀秋岑_158,夏山にこひしき人やいりにけむ声ふりたててなく郭公
268,よみ人しらず_159,題しらず
269,よみ人しらず_159,こぞの夏なきふるしてし郭公それかあらぬかこゑのかはらぬ
270,つらゆき_160,郭公のなくをききてよめる
271,つらゆき_160,五月雨のそらもとどろに郭公なにをうしとかよただなくらむ
272,みつね_161,さぶらひにてをのこどものさけたうべけるに、めし
273,みつね_161,て郭公まつうたよめとありければよめる
274,つらゆき_162,山に郭公のなきけるをききてよめる
275,つらゆき_162,郭公人まつ山になくなれば我うちつけにこひまさりけり
276,ただみね_163,はやくすみける所にてほととぎすのなきけるを
277,ただみね_163,ききてよめる
278,みつね_164,郭公のなきけるをききてよめる
279,みつね_164,郭公我とはなしに卯花のうき世中になきわたるらむ
280,僧正へんぜう_165,はちすのつゆを見てよめる
281,僧正へんぜう_165,はちすばのにごりにしまぬ心もてなにかはつゆを玉とあざむく
282,深養父_166,月のおもしろかりける夜、あかつきがたによめる
283,みつね_167,となりよりとこなつの花をこひにおこせたりけれ
284,みつね_167,ば、をしみてこのうたをよみてつかはしける
285,_168,みな月のつごもりの日よめる
286,_168,夏と秋と行きかふそらのかよひぢはかたへすずしき風やふくらむ
287,藤原敏行朝臣_169,秋立つ日よめる
288,藤原敏行朝臣_169,あききぬとめにはさやかに見えねども風のおとにぞおどろかれぬる
289,つらゆき_170,秋たつ日、うへのをのこどもかものかはらにかはせ
290,つらゆき_170,うえうしけるともにまかりてよめる
291,よみ人しらず_171,題しらず
292,よみ人しらず_171,わがせこが衣のすそを吹き返しうらめづらしき秋のはつ風
293,_172,きのふこそさなへとりしかいつのまにいなばそよぎて秋風の吹く
294,_173,秋風の吹きにし日より久方のあまのかはらにたたぬ日はなし
295,_174,久方のあまのかはらのわたしもり君わたりなばかぢかくしてよ
296,_175,天河紅葉をはしにわたせばやたなばたつめの秋をしもまつ
297,_176,こひこひてあふ夜はこよひあまの河きり立ちわたりあけずもあらなむ
298,とものり_177,寛平御時なぬかの夜、うへにさぶらふをのこども、
299,とものり_177,哥たてまつれとおほせられける時に、人にかはりてよめる
300,藤原おきかぜ_178,おなじ御時きさいの宮の哥合のうた
301,藤原おきかぜ_178,契りけむ心ぞつらきたなばたの年にひとたびあふはあふかは
302,凡河内みつね_179,なぬかの日の夜よめる>
303,凡河内みつね_179,年ごとにあふとはすれどたなばたのぬるよのかずぞすくなかりける
304,_180,織女にかしつる糸の打ちはへて年のをながくこひやわたらむ
305,そせい_181,題しらず
306,そせい_181,こよひこむ人にはあはじたなばたのひさしきほどにまちもこそすれ
307,源むねゆきの朝臣_182,なぬかの夜のあかつきによめる
308,源むねゆきの朝臣_182,今はとてわかるる時は天河わたらぬさきにそでぞひちぬる
309,みぶのただみね_183,やうかの日よめる
310,みぶのただみね_183,けふよりはいまこむ年のきのふをぞいつしかとのみまちわたるべき
311,よみ人しらず_184,題しらず
312,よみ人しらず_184,このまよりもりくる月の影見れば心づくしの秋はきにけり
313,_185,おほかたの秋くるからにわが身こそかなしき物と思ひしりぬれ
314,_186,わがためにくる秋にしもあらなくにむしのねきけばまづぞかなしき
315,_187,物ごとに秋ぞかなしきもみぢつつうつろひゆくをかぎりと思へば
316,_188,ひとりぬるとこは草ばにあらねども秋くるよひはつゆけかりけり
317,_189,これさだのみこの家の哥合のうた
318,_189,いつはとは時はわかねど秋のよぞ物思ふ事のかぎりなりける
319,みつね_190,かむなりのつぼに人人あつまりて秋のよをしむ哥よ
320,みつね_190,みけるついでによめる
321,よみ人しらず_191,題しらず
322,よみ人しらず_191,白雲にはねうちかはしとぶかりのかずさへ見ゆる秋のよの月
323,_192,さ夜なかと夜はふけぬらしかりがねのきこゆるそらに月わたる見ゆ
324,大江千里_193,これさだのみこの家の哥合によめる
325,大江千里_193,月見れはちぢに物こそかなしけれわが身ひとつの秋にはあらねど
326,ただみね_194,久方の月の桂も秋は猶もみぢすればやてりまさるらむ
327,在原元方_195,月をよめる
328,在原元方_195,秋の夜の月のひかりしあかければくらぶの山もこえぬべらなり
329,藤原忠房_196,人のもとにまかれりける夜、きりぎりすのなきける
330,藤原忠房_196,をききてよめる
331,としゆきの朝臣_197,これさだのみこの家の哥合のうた
332,としゆきの朝臣_197,秋の夜のあくるもしらずなくむしはわがごと物やかなしかるらむ
333,よみ人しらず_198,題しらず
334,よみ人しらず_198,あき萩も色づきぬればきりぎりすわがねぬごとやよるはかなしき
335,_199,秋の夜はつゆこそことにさむからし草むらごとにむしのわぶれば
336,_200,君しのぶ草にやつるるふるさとは松虫のねぞかなしかりける
337,_201,秋ののに道もまどひぬ松虫のこゑする方にやどやからまし
338,_202,あきののに人松虫のこゑすなり我かとゆきていざとぶらはむ
339,_203,もみぢばのちりてつもれるわがやどに誰を松虫ここらなくらむ
340,_204,ひぐらしのなきつるなへに日はくれぬと思ふは山のかげにぞありける
341,_205,ひぐらしのなく山里のゆふぐれは風よりほかにとふ人もなし
342,在原元方_206,はつかりをよめる
343,在原元方_206,まつ人にあらぬ物からはつかりのけさなくこゑのめづらしきかな
344,とものり_207,これさだのみこの家の哥合のうた
345,とものり_207,秋風にはつかりがねぞきこゆなるたがたまづさをかけてきつらむ
346,よみ人しらず_208,題しらず
347,よみ人しらず_208,わがかどにいなおほせどりのなくなへにけさ吹く風にかりはきにけり
348,_209,いとはやもなきぬるかりか白露のいろどる木木ももみぢあへなくに
349,_210,春霞かすみていにしかりがねは今ぞなくなる秋ぎりのうへに
350,_211,夜をさむみ衣かりがねなくなへに萩のしたばもうつろひにけり
351,藤原菅根朝臣_212,寛平御時きさいの宮の哥合のうた
352,藤原菅根朝臣_212,秋風にこゑをほにあげてくる舟はあまのとわたるかりにぞありける
353,みつね_213,かりのなきけるをききてよめる
354,みつね_213,うき事を思ひつらねてかりがねのなきこそわたれ秋のよなよな
355,ただみね_214,これさだのみこの家の哥合のうた
356,ただみね_214,山里は秋こそことにわびしけれしかのなくねにめをさましつつ
357,よみ人しらず_215,おく山に紅葉ふみわけなく鹿のこゑきく時ぞ秋は悲しき
358,_216,題しらず
359,_216,秋はぎにうらびれをればあしひきの山したとよみしかのなくらむ
360,_217,秋はぎをしがらみふせてなくしかのめには見えずておとのさやけさ
361,藤原としゆきの朝臣_218,これさだのみこの家の哥合によめる
362,藤原としゆきの朝臣_218,あきはぎの花さきにけり高砂のをのへのしかは今やなくらむ
363,みつね_219,むかしあひしりて侍りける人の、秋ののにあひて物
364,みつね_219,がたりしけるついでによめる
365,よみ人しらず_220,題しらず
366,よみ人しらず_220,あきはぎのしたば色づく今よりやひとりある人のいねがてにする
367,_221,なきわたるかりの涙やおちつらむ物思ふやどの萩のうへのつゆ
368,_222,萩の露玉にぬかむととればけぬよし見む人は枝ながら見よ
369,_223,をりて見ばおちぞしぬべき秋はぎの枝もとををにおけるしらつゆ
370,_224,萩が花ちるらむをののつゆしもにぬれてをゆかむさ夜はふくとも
371,文屋あさやす_225,是貞のみこの家の哥合によめる
372,文屋あさやす_225,秋ののにおくしらつゆは玉なれやつらぬきかくるくものいとすぢ
373,僧正へんぜう_226,題しらず
374,僧正へんぜう_226,名にめでてをれるばかりぞをみなへし我おちにきと人にかたるな
375,ふるのいまみち_227,僧正遍昭がもとにならへまかりける時に、をとこ山
376,ふるのいまみち_227,にてをみなへしを見てよめる
377,としゆきの朝臣_228,是貞のみこの家の哥合のうた
378,としゆきの朝臣_228,秋ののにやどりはすべしをみなへし名をむつまじみたびならなくに
379,をののよし木_229,題しらず
380,をののよし木_229,をみなへしおほかるのべにやどりせばあやなくあだの名をやたちなむ
381,左のおほいまうちぎみ_230,朱雀院のをみなへしあはせによみてたてまつりける
382,藤原定方朝臣_231,秋ならであふことかたきをみなへしあまのかはらにおひぬものゆゑ
383,つらゆき_232,たが秋にあらぬものゆゑをみなへしなぞ色にいでてまだきうつろふ
384,みつね_233,つまこふるしかぞなくなる女郎花おのがすむのの花としらずや
385,_234,女郎花ふきすぎてくる秋風はめには見えねどかこそしるけれ
386,ただみね_235,人の見る事やくるしきをみなへし秋ぎりにのみたちかくるらむ
387,_236,ひとりのみながむるよりは女郎花わがすむやどにうゑて見ましを
388,兼覧王_237,ものへまかりけるに、人の家にをみなへしうゑたり
389,兼覧王_237,けるを見てよめる
390,平さだふん_238,寛平御時、蔵人所のをのこどもさがのに花見むとてまかりたりける時、かへるとてみな哥よみけるついでによめる
391,としゆきの朝臣_239,これさだのみこの家の哥合によめる
392,としゆきの朝臣_239,なに人かきてぬぎかけしふぢばかまくる秋ごとにのべをにほはす
393,つらゆき_240,ふぢばかまをよみて人につかはしける
394,つらゆき_240,やどりせし人のかたみかふぢばかまわすられがたきかににほひつつ
395,そせい_241,ふぢばかまをよめる
396,そせい_241,ぬししらぬかこそにほへれ秋ののにたがぬぎかけしふぢばかまぞも
397,平貞文_242,題しらず
398,平貞文_242,今よりはうゑてだに見じ花すすきほにいづる秋はわびしかりけり
399,ありはらのむねやな_243,寛平御時きさいの宮の哥合のうた
400,ありはらのむねやな_243,秋の野の草のたもとか花すすきほにいでてまねく袖と見ゆらむ
401,素性法師_244,我のみやあはれとおもはむきりぎりすなくゆふかげのやまとなでしこ
402,よみ人しらず_245,題しらず
403,よみ人しらず_245,みどりなるひとつ草とぞ春は見し秋はいろいろの花にぞありける
404,_246,ももくさの花のひもとく秋ののを思ひたはれむ人なとがめそ
405,_247,月草に衣はすらむあさつゆにぬれてののちはうつろひぬとも
407,文屋やすひで_249,これさだのみこの家の哥合のうた
408,文屋やすひで_249,吹くからに秋の草木のしをるればむべ山かぜをあらしといふらむ
409,_250,草も木も色かはれどもわたつうみの浪の花にぞ秋なかりける
410,紀よしもち_251,秋の哥合しける時によめる
411,紀よしもち_251,紅葉せぬときはの山は吹く風のおとにや秋をききわたるらむ
412,よみ人しらず_252,題しらず
413,よみ人しらず_252,霧立ちて雁ぞなくなる片岡の朝の原は紅葉しぬらむ
414,_253,神な月時雨もいまだふらなくにかねてうつろふ神なびのもり
415,_254,ちはやぶる神なび山のもみぢばに思ひはかけじうつろふ物を
416,藤原かちおむ_255,貞観御時、綾綺殿のまへに梅の木ありけり、にしの
417,藤原かちおむ_255,方にさせりけるえだのもみぢはじめたりけるを、うへにさぶらふをのこどものよみける
418,藤原かちおむ_255,ついでによめる
419,つらゆき_256,いしやまにまうでける時、おとは山のもみぢを見て
420,つらゆき_256,よめる
421,としゆきの朝臣_257,これさだのみこの家の哥合によめる
422,としゆきの朝臣_257,白露の色はひとつをいかにして秋のこのはをちぢにそむらむ
423,壬生忠岑_258,秋の夜のつゆをばつゆとおきながらかりの涙やのべをそむらむ
424,よみ人しらず_259,題しらず
425,よみ人しらず_259,あきのつゆいろいろごとにおけばこそ山のこのはのちくさなるらめ
426,つらゆき_260,もる山のほとりにてよめる
427,つらゆき_260,しらつゆも時雨もいたくもる山はしたばのこらず色づきにけり
428,在原元方_261,秋のうたとてよめる
429,在原元方_261,雨ふれどつゆももらじをかさとりの山はいかでかもみぢそめけむ
430,つらゆき_262,神のやしろのあたりをまかりける時にいがきのうち
431,つらゆき_262,のもみぢを見てよめる
432,ただみね_263,これさだのみこの家の哥合によめる
433,ただみね_263,あめふればかさとり山のもみぢばはゆきかふ人のそでさへぞてる
434,よみ人しらず_264,寛平御時きさいの宮の哥合のうた
435,よみ人しらず_264,ちらねどもかねてぞをしきもみぢばは今は限の色と見つれば
436,きのとものり_265,やまとのくににまかりける時、さほ山にきりのたて
437,きのとものり_265,りけるを見てよめる
438,よみ人しらず_266,是貞のみこの家の哥合のうた
439,よみ人しらず_266,秋ぎりはけさはなたちそさほ山のははそのもみぢよそにても見む
440,坂上是則_267,秋のうたとてよめる
441,坂上是則_267,佐保山のははその色はうすけれど秋は深くもなりにけるかな
442,在原なりひらの朝臣_268,人のせんざいにきくにむすびつけてうゑけるうた
443,としゆきの朝臣_269,寛平御時きくの花をよませたまうける
444,としゆきの朝臣_269,久方の雲のうへにて見る菊はあまつほしとぞあやまたれける
445,きのとものり_270,これさだのみこの家の哥合のうた
446,きのとものり_270,露ながらをりてかざさむきくの花おいせぬ秋のひさしかるべく
447,大江千里_271,寛平御時きさいの宮の哥合のうた
448,大江千里_271,うゑし時花まちどほにありしきくうつろふ秋にあはむとや見し
449,すがはらの朝臣_272,おなじ御時せられけるきくあはせに、すはまをつく
450,すがはらの朝臣_272,りて菊の花うゑたりけるにくはへたりけるうた、ふきあげのはまのかたにきくうゑたり
451,すがはらの朝臣_272,けるによめる
452,素性法師_273,仙宮に菊をわけて人のいたれるかたをよめる
453,素性法師_273,ぬれてほす山ぢの菊のつゆのまにいつかちとせを我はへにけむ
454,とものり_274,菊の花のもとにて人の人まてるかたをよめる
455,とものり_274,花見つつ人まつ時はしろたへの袖かとのみぞあやまたれける
456,_275,おほさはの池のかたにきくうゑたるをよめる
457,_275,ひともとと思ひしきくをおほさはの池のそこにもたれかうゑけむ
458,つらゆき_276,世中のはかなきことを思ひけるをりにきくの花を見
459,つらゆき_276,てよみける
460,凡河内みつね_277,しらぎくの花をよめる
461,凡河内みつね_277,心あてにをらばやをらむはつしものおきまどはせる白菊の花
462,よみ人しらず_278,これさだのみこの家の哥合のうた
463,よみ人しらず_278,いろかはる秋のきくをばひととせにふたたびにほふ花とこそ見れ
464,平さだふん_279,仁和寺にきくのはなめしける時に、うたそへてたて
465,平さだふん_279,まつれとおほせられければ、よみてたてまつりける
466,つらゆき_280,人の家なりけるきくの花をうつしうゑたりけるをよ
467,つらゆき_280,める
468,よみ人しらず_281,題しらず
469,よみ人しらず_281,佐保山のははそのもみぢちりぬべみよるさへ見よとてらす月影
470,藤原関雄_282,みやづかへひさしうつかうまつらで山ざとにこもり
471,藤原関雄_282,侍りけるによめる
472,よみ人しらず_283,題しらず
473,よみ人しらず_283,竜田河もみぢみだれて流るめりわたらば錦なかやたえなむ
474,_284,たつた河もみぢば流る神なびのみむろの山に時雨ふるらし
475,_285,こひしくは見てもしのばむもみぢばを吹きなちらしそ山おろしのかぜ
476,_286,秋風にあへずちりぬるもみぢばのゆくへさだめぬ我ぞかなしき
477,_287,あきはきぬ紅葉はやどにふりしきぬ道ふみわけてとふ人はなし
478,_288,ふみわけてさらにやとはむもみぢばのふりかくしてしみちとみながら
479,_289,秋の月山辺さやかにてらせるはおつるもみぢのかずを見よとか
480,_290,吹く風の色のちくさに見えつるは秋のこのはのちればなりけり
481,せきを_291,霜のたてつゆのぬきこそよわからし山の錦のおればかつちる
482,（朱書「僧正へんせうイ」）_292,うりむゐんの木のかげにたたずみてよみける
483,（朱書「僧正へんせうイ」）_292,わび人のわきてたちよるこの本はたのむかげなくもみぢちりけり
484,そせい_293,二条の后の春宮のみやす所と申しける時に、御屏風
485,そせい_293,にたつた河にもみぢながれたるかたをかけりけるを題にてよめる
486,なりひらの朝臣_294,ちはやぶる神世もきかず竜田河唐紅に水くくるとは
487,としゆきの朝臣_295,これさだのみこの家の哥合のうた
488,としゆきの朝臣_295,わがきつる方もしられずくらぶ山木木のこのはのちるとまがふに
489,ただみね_296,神なびのみむろの山を秋ゆけば錦たちきる心地こそすれ
490,つらゆき_297,北山に紅葉をらむとてまかれりける時によめる
491,つらゆき_297,見る人もなくてちりぬるおく山の紅葉はよるのにしきなりけり
492,かねみの王_298,秋のうた
493,かねみの王_298,竜田ひめたむくる神のあればこそ秋のこのはのぬさとちるらめ
494,つらゆき_299,をのといふ所にすみ侍りける時もみぢを見てよめる
495,きよはらのふかやぶ_300,神なびの山をすぎて竜田河をわたりける時に、もみ
496,きよはらのふかやぶ_300,ぢのながれけるをよめる
497,ふぢはらのおきかぜ_301,寛平御時きさいの宮の哥合のうた
498,ふぢはらのおきかぜ_301,白浪に秋のこのはのうかべるをあまのながせる舟かとぞ見る
499,坂上これのり_302,たつた河のほとりにてよめる
500,坂上これのり_302,もみぢばのながれざりせば竜田河水の秋をばたれかしらまし
501,はるみちのつらき_303,しがの山ごえにてよめる
502,はるみちのつらき_303,山河に風のかけたるしがらみは流れもあへぬ紅葉なりけり
503,みつね_304,池のほとりにてもみぢのちるをよめる
504,みつね_304,風ふけばおつるもみぢば水きよみちらぬかげさへそこに見えつつ
505,_305,亭子院の御屏風のゑに、河わたらむとする人のもみ
506,_305,ぢのちる木のもとにむまをひかへてたてるをよませたまひければつかうまつりける
507,ただみね_306,是貞のみこの家の哥合のうた
508,ただみね_306,山田もる秋のかりいほにおくつゆはいなおほせ鳥の涙なりけり
509,よみ人しらず_307,題しらず
510,よみ人しらず_307,ほにもいでぬ山田をもると藤衣いなばのつゆにぬれぬ日ぞなき
511,_308,かれる田におふるひつちのほにいでぬは世を今更に秋はてぬとか
512,そせい法し_309,北山に僧正へんぜうとたけがりにまかれりけるによ
513,そせい法し_309,める
514,おきかぜ_310,寛平御時ふるきうたたてまつれとおほせられけれ
515,おきかぜ_310,ば、たつた河もみぢばながるといふ哥をかきて、そのおなじ心をよめりける
516,つらゆき_311,秋のはつる心をたつた河に思ひやりてよめる
517,つらゆき_311,年ごとにもみぢばながす竜田河みなとや秋のとまりなるらむ
518,_312,なが月のつごもりの日大井にてよめる
519,_312,ゆふづく夜をぐらの山になくしかのこゑの内にや秋はくるらむ
520,みつね_313,おなじつごもりの日よめる
521,みつね_313,道しらばたづねもゆかむもみぢばをぬさとたむけて秋はいにけり
522,よみ人しらず_314,題しらず
523,よみ人しらず_314,竜田河錦おりかく神な月しぐれの雨をたてぬきにして
524,源宗于朝臣_315,冬の哥とてよめる
525,源宗于朝臣_315,山里は冬ぞさびしさまさりける人めも草もかれぬと思へば
526,読人しらず_316,題しらず
527,読人しらず_316,おほぞらの月のひかりしきよければ影見し水ぞまづこほりける
528,_317,ゆふされば衣手さむしみよしののよしのの山にみ雪ふるらし
529,_318,今よりはつぎてふらなむわがやどのすすきおしなみふれるしら雪
530,_319,ふる雪はかつぞけぬらしあしひきの山のたぎつせおとまさるなり
531,_320,この河にもみぢば流るおく山の雪げの水ぞ今まさるらし
532,_321,ふるさとはよしのの山しちかければひと日もみ雪ふらぬ日はなし
533,_322,わがやどは雪ふりしきてみちもなしふみわけてとふ人しなければ
534,紀貫之_323,冬のうたとて
535,紀貫之_323,雪ふれば冬ごもりせる草も木も春にしられぬ花ぞさきける
536,紀あきみね_324,しがの山ごえにてよめる
537,紀あきみね_324,白雪のところもわかずふりしけばいはほにもさく花とこそ見れ
538,坂上これのり_325,ならの京にまかれりける時にやどれりける所にてよ
539,坂上これのり_325,める
540,ふぢはらのおきかぜ_326,寛平御時きさいの宮の哥合のうた
541,ふぢはらのおきかぜ_326,浦ちかくふりくる雪は白浪の末の松山こすかとぞ見る
542,壬生忠岑_327,みよしのの山の白雪ふみわけて入りにし人のおとづれもせぬ
543,_328,白雪のふりてつもれる山ざとはすむ人さへや思ひきゆらむ
544,凡河内みつね_329,雪のふれるを見てよめる
545,凡河内みつね_329,ゆきふりて人もかよはぬみちなれやあとはかもなく思ひきゆらむ
546,きよはらのふかやぶ_330,ゆきのふりけるをよみける
547,きよはらのふかやぶ_330,冬ながらそらより花のちりくるは雲のあなたは春にやあるらむ
548,つらゆき_331,雪の木にふりかかれりけるをよめる
549,つらゆき_331,ふゆごもり思ひかけぬをこのまより花と見るまで雪ぞふりける
550,坂上これのり_332,やまとのくににまかれりける時に、ゆきのふりける
551,坂上これのり_332,を見てよめる
552,よみ人しらず_333,題しらず
553,よみ人しらず_333,けぬがうへに又もふりしけ春霞たちなばみ雪まれにこそ見め
554,_334,梅花それとも見えず久方のあまぎる雪のなべてふれれば
555,小野たかむらの朝臣_335,梅花にゆきのふれるをよめる
556,小野たかむらの朝臣_335,花の色は雪にまじりて見えずともかをだににほへ人のしるべく
557,きのつらゆき_336,雪のうちの梅花をよめる
558,きのつらゆき_336,梅のかのふりおける雪にまがひせばたれかことごとわきてをらまし
559,きのとものり_337,ゆきのふりけるを見てよめる
560,きのとものり_337,雪ふれば木ごとに花ぞさきにけるいづれを梅とわきてをらまし
561,みつね_338,物へまかりける人をまちてしはすのつごもりによめ
562,みつね_338,る
563,在原もとかた_339,年のはてによめる
564,在原もとかた_339,あらたまの年のをはりになるごとに雪もわが身もふりまさりつつ
565,よみ人しらず_340,寛平御時きさいの宮の哥合のうた
566,よみ人しらず_340,雪ふりて年のくれぬる時こそつひにもみぢぬ松も見えけれ
567,はるみちのつらき_341,年のはてによめる
568,はるみちのつらき_341,昨日といひけふとくらしてあすかがは流れてはやき月日なりけり
569,きのつらゆき_342,哥たてまつれとおほせられし時によみてたてまつれ
570,きのつらゆき_342,る
571,よみ人しらず_343,題しらず
572,よみ人しらず_343,わが君は千世にやちよにさざれいしのいはほとなりてこけのむすまで
573,_344,渡つ海の浜のまさごをかぞへつつ君がちとせのありかずにせむ
574,_345,しほの山さしでのいそにすむ千鳥きみがみ世をばやちよとぞなく
575,_346,わがよはひ君がやちよにとりそへてとどめおきては思ひいでにせよ
576,_347,仁和の御時僧正遍昭に七十賀たまひける時の御哥
577,僧正へんぜう_348,仁和のみかどのみこにおはしましける時に、御をば
578,僧正へんぜう_348,のやそぢの賀にしろかねをつゑにつくれりけるを見て、かの御をばにかはりてよみける
579,在原業平朝臣_349,ほりかはのおほいまうちぎみの四十賀、九条の家に
580,在原業平朝臣_349,てしける時によめる
581,きのこれをか_350,さだときのみこのをばのよそぢの賀を大井にてしけ
582,きのこれをか_350,る日よめる
583,ふぢはらのおきかぜ_351,さだやすのみこのきさいの宮の五十の賀たてまつり
584,ふぢはらのおきかぜ_351,ける御屏風に、さくらの花のちるしたに人の花見たるかたかけるをよめる
585,きのつらゆき_352,もとやすのみこの七十の賀のうしろの屏風によみて
586,きのつらゆき_352,かきける
587,そせい法し_353,いにしへにありきあらずはしらねどもちとせのためし君にはじめむ
588,_354,ふしておもひおきてかぞふるよろづよは神ぞしるらむわがきみのため
589,在原しげはる_355,藤原三善が六十賀によみける
590,在原しげはる_355,鶴亀もちとせののちはしらなくにあかぬ心にまかせはててむ
591,そせい法し_356,よしみねのつねなりがよそぢの賀にむすめにかはり
592,そせい法し_356,てよみ侍りける
593,_357,内侍のかみの右大将ふぢはらの朝臣の四十賀しける
594,_357,時に、四季のゑかけるうしろの屏風にかきたりけるうた
595,_358,山たかみくもゐに見ゆるさくら花心の行きてをらぬ日ぞなき
596,_359,夏
597,_359,めづらしきこゑならなくに郭公ここらの年をあかずもあるかな
598,_360,秋
599,_360,住の江の松を秋風吹くからにこゑうちそふるおきつ白浪
600,_361,千鳥なくさほの河ぎりたちぬらし山のこのはも色まさりゆく
601,_362,秋くれど色もかはらぬときは山よそのもみぢを風ぞかしける
602,_363,冬
603,_363,白雪のふりしく時はみよしのの山した風に花ぞちりける
604,典侍藤原よるかの朝臣_364,春宮のむまれたまへりける時にまゐりてよめる
605,典侍藤原よるかの朝臣_364,峯たかきかすがの山にいづる日はくもる時なくてらすべらなり
606,在原行平朝臣_365,題しらず
607,在原行平朝臣_365,立ちわかれいなばの山の峯におふる松としきかば今かへりこむ
608,よみ人しらず_366,すがるなく秋のはぎはらあさたちて旅行く人をいつとかまたむ
609,_367,限なき雲ゐのよそにわかるとも人を心におくらさむやは
610,_368,をののちふるがみちのくのすけにまかりける時に、
611,_368,ははのよめる
612,きのとしさだ_369,さだときのみこの家にて、ふぢはらのきよふがあふ
613,きのとしさだ_369,みのすけにまかりける時に、むまのはなむけしける夜よめる
614,_370,こしへまかりける人によみてつかはしける
615,_370,かへる山ありとはきけど春霞立別れなばこひしかるべし
616,きのつらゆき_371,人のむまのはなむけにてよめる
617,きのつらゆき_371,をしむからこひしき物を白雲のたちなむのちはなに心地せむ
618,在原しげはる_372,ともだちの人のくにへまかりけるによめる
619,在原しげはる_372,わかれてはほどをへだつとおもへばやかつ見ながらにかねてこひしき
620,いかごのあつゆき_373,あづまの方へまかりける人によみてつかはしける
621,なにはのよろづを_374,あふさかにて人をわかれける時によめる
622,なにはのよろづを_374,相坂の関しまさしき物ならばあかずわかるる君をとどめよ
623,よみ人しらず_375,題しらず
624,よみ人しらず_375,唐衣たつ日はきかじあさつゆのおきてしゆけばけぬべき物を
625,寵_376,ひたちへまかりける時に、ふぢはらのきみとしによ
626,寵_376,みてつかはしける
627,よみ人しらず_377,きのむねさだがあづまへまかりける時に、人の家に
628,よみ人しらず_377,やどりて、暁いでたつとてまかり申ししければ、女のよみていだせりける
629,ふかやぶ_378,あひしりて侍りける人のあづまの方へまかりけるを
630,ふかやぶ_378,おくるとてよめる
631,よしみねのひでをか_379,とものあづまへまかりける時によめる
632,よしみねのひでをか_379,白雲のこなたかなたに立ちわかれ心をぬさとくだくたびかな
633,つらゆき_380,みちのくにへまかりける人によみてつかはしける
634,_381,人をわかれける時によみける
635,_381,わかれてふ事はいろにもあらなくに心にしみてわびしかるらむ
636,凡河内みつね_382,あひしれりける人のこしのくににまかりて、としへ
637,凡河内みつね_382,て京にまうできて、又かへりける時によめる
638,_383,こしのくにへまかりける人によみてつかはしける
639,つらゆき_384,おとはの山のほとりにて人をわかるとてよめる
640,つらゆき_384,おとは山こだかくなきて郭公君が別ををしむべらなり
641,ふぢはらのかねもち_385,藤原ののちかげがからもののつかひに、なが月の
642,ふぢはらのかねもち_385,つごもりがたにまかりけるに、うへのをのこどもさけたうびけるついでによめる
643,平もとのり_386,秋霧のともにたちいでてわかれなばはれぬ思ひに恋ひや渡らむ
644,しろめ_387,源のさねがつくしへゆあみむとてまかりけるに、山
645,しろめ_387,ざきにてわかれをしみける所にてよめる
646,源さね_388,山ざきより神なびのもりまでおくりに人人まかり
647,源さね_388,て、かへりがてにしてわかれをしみけるによめる
648,藤原かねもち_389,今はこれよりかへりねとさねがいひけるをりによみ
649,藤原かねもち_389,ける
650,つらゆき_390,藤原のこれをかがむさしのすけにまかりける時に、
651,つらゆき_390,おくりにあふさかをこゆとてよみける
652,藤原かねすけの朝臣_391,おほえのちふるがこしへまかりけるむまのはなむけ
653,藤原かねすけの朝臣_391,によめる
654,僧正遍昭_392,人の花山にまうできて、ゆふさりつかたかへりなむ
655,僧正遍昭_392,としける時によめる
656,幽仙法師_393,山にのぼりてかへりまうできて、人人わかれけるつ
657,幽仙法師_393,いでによめる
658,僧正へんぜう_394,うりむゐんのみこの舎利会に山にのぼりてかへりけ
659,僧正へんぜう_394,るに、さくらの花のもとにてよめる
660,幽仙法師_395,ことならば君とまるべくにほはなむかへすは花のうきにやはあらぬ
661,兼芸法し_396,仁和のみかどみこにおはしましける時に、ふるのた
662,兼芸法し_396,き御覧じにおはしましてかへりたまひけるによめる
663,つらゆき_397,かむなりのつぼにめしたりける日、おほみきなどた
664,つらゆき_397,うべてあめのいたくふりければ、ゆふさりまで侍りてまかりいでけるをりに、さか月を
665,つらゆき_397,とりて
666,兼覧王_398,とよめりけるかへし
667,兼覧王_398,をしむらむ人の心をしらぬまに秋の時雨と身ぞふりにける
668,みつね_399,かねみのおほきみにはじめて物がたりして、わかれ
669,みつね_399,ける時によめる
670,よみ人しらず_400,題しらず
671,よみ人しらず_400,あかずしてわかるるそでのしらたまを君がかたみとつつみてぞ行く
672,_401,限なく思ふ涙にそほちぬる袖はかわかじあはむ日までに
673,_402,かきくらしごとはふらなむ春雨にぬれぎぬきせて君をとどめむ
674,_403,しひて行く人をとどめむ桜花いづれを道と迷ふまでちれ
675,つらゆき_404,しがの山ごえにて、いしゐのもとにてものいひける
676,つらゆき_404,人のわかれけるをりによめる
677,とものり_405,みちにあへりける人のくるまにものをいひつきて、
678,とものり_405,わかれける所にてよめる
679,安倍仲麿_406,もろこしにて月を見てよみける
680,安倍仲麿_406,あまの原ふりさけ見ればかすがなるみかさの山にいでし月かも
681,小野たかむらの朝臣_407,おきのくににながされける時に、舟にのりていでた
682,小野たかむらの朝臣_407,つとて、京なる人のもとにつかはしける
683,よみ人しらず_408,題しらず
684,よみ人しらず_408,都いでて今日みかの原いづみ河かは風さむし衣かせ山
685,_409,ほのぼのと明石の浦の朝霧に島がくれ行く舟をしぞ思ふ
686,在原業平朝臣_410,あづまの方へ友とする人ひとりふたりいざなひてい
687,在原業平朝臣_410,きけり、みかはのくにやつはしといふ所にいたりけるに、その河のほとりにかきつばた
688,在原業平朝臣_410,いとおもしろくさけりけるを見て、木のかげにおりゐて、かきつばたといふいつもじを
689,在原業平朝臣_410,くのかしらにすゑてたびの心をよまむとてよめる
690,_411,むさしのくにとしもつふさのくにとの中にあるすみ
691,_411,だ河のほとりにいたりて、みやこのいとこひしうおぼえければ、しばし河のほとりにお
692,_411,りゐて思ひやれば、かぎりなくとほくもきにけるかなと思ひわびてながめをるに、わた
693,_411,しもりはや舟にのれ、日くれぬといひければ、舟にのりてわたらむとするに、みな人も
694,_411,のわびしくて京におもふ人なくしもあらず、さるをりにしろきとりのはしとあしとあか
695,_411,き、河のほとりにあそびけり、京には見えぬとりなりければみな人見しらず、わたしも
696,_411,りにこれはなにとりぞととひければ、これなむみやこどりといひけるをききてよめる
697,よみ人しらず_412,題しらず
698,よみ人しらず_412,北へ行くかりぞなくなるつれてこしかずはたらでぞかへるべらなる
699,おと_413,あづまの方より京へまうでくとて、みちにてよめる
700,みつね_414,こしのくにへまかりける時しら山を見てよめる
701,みつね_414,きえはつる時しなければこしぢなる白山の名は雪にぞありける
702,つらゆき_415,あづまへまかりける時みちにてよめる
703,つらゆき_415,いとによる物ならなくにわかれぢの心ぼそくもおもほゆるかな
704,みつね_416,かひのくにへまかりける時みちにてよめる
705,みつね_416,夜をさむみおくはつ霜をはらひつつ草の枕にあまたたびねぬ
706,ふぢはらのかねすけ_417,たじまのくにのゆへまかりける時に、ふたみのうら
707,ふぢはらのかねすけ_417,といふ所にとまりて、ゆふさりのかれいひたうべけるに、ともにありける人人のうたよ
708,ふぢはらのかねすけ_417,みけるついでによめる
709,在原なりひらの朝臣_418,これたかのみこのともにかりにまかりける時に、あ
710,在原なりひらの朝臣_418,まの河といふ所の河のほとりにおりゐてさけなどのみけるついでに、みこのいひけら
711,在原なりひらの朝臣_418,く、かりしてあまのかはらにいたるといふ心をよみて、さかづきはさせといひければよ
712,在原なりひらの朝臣_418,める
713,きのありつね_419,みここのうたを返す返すよみつつ返しえせずなりに
714,きのありつね_419,ければ、ともに侍りてよめる
715,すがはらの朝臣_420,朱雀院のならにおはしましたりける時にたむけ山に
716,すがはらの朝臣_420,てよみける
717,素性法師_421,たむけにはつづりの袖もきるべきにもみぢにあける神やかへさむ
718,藤原としゆきの朝臣_422,うぐひす
719,藤原としゆきの朝臣_422,心から花のしづくにそほちつつうくひずとのみ鳥のなくらむ
720,_423,ほととぎす
721,_423,くべきほどときすぎぬれやまちわびてなくなるこゑの人をとよむる
722,在原しげはる_424,うつせみ
723,在原しげはる_424,浪のうつせみればたまぞみだれけるひろはばそでにはかなからむや
724,壬生忠岑_425,返し
725,壬生忠岑_425,たもとよりはなれて玉をつつまめやこれなむそれとうつせ見むかし
726,よみ人しらず_426,うめ
727,よみ人しらず_426,あなうめにつねなるべくも見えぬかなこひしかるべきかはにほひつつ
728,つらゆき_427,かにはざくら
729,つらゆき_427,かづけども浪のなかにはさぐられで風吹くごとにうきしづむたま
730,_428,すもものはな
731,_428,今いくか春しなければうぐひすもものはながめて思ふべらなり
732,ふかやぶ_429,からもものはな
733,ふかやぶ_429,あふからもものはなほこそかなしけれわかれむ事をかねて思へば
734,をののしげかげ_430,たちばな
735,をののしげかげ_430,葦引の山たちはなれ行く雲のやどりさだめぬ世にこそ有りけれ
736,とものり_431,をがたまの木
737,とものり_431,みよしののよしののたきにうかびいづるあわをかたまのきゆと見つらむ
738,よみ人しらず_432,やまがきの木
739,よみ人しらず_432,秋はきぬいまやまがきのきりぎりすよなよななかむ風のさむさに
740,_433,あふひ、かつら
741,_433,かくばかりあふ日のまれになる人をいかがつらしとおもはざるべき
742,_434,人めゆゑのちにあふ日のはるけくはわがつらきにや思ひなされむ
743,僧正へんぜう_435,くたに
744,僧正へんぜう_435,ちりぬればのちはあくたになる花を思ひしらずもまどふてふかな
745,つらゆき_436,さうび
746,つらゆき_436,我はけさうひにぞ見つる花の色をあだなる物といふべかりけり
747,とものり_437,をみなへし
748,とものり_437,白露を玉にぬくやとささがにの花にも葉にもいとをみなへし
749,_438,あさ露をわけそほちつつ花見むと今ぞの山をみなへしりぬる
750,つらゆき_439,朱雀院のをみなへしあはせの時に、をみなへしとい
751,つらゆき_439,ふいつもじをくのかしらにおきてよめる
752,とものり_440,きちかうの花
753,とものり_440,秋ちかうのはなりにけり白露のおけるくさばも色かはりゆく
754,よみ人しらず_441,しをに
755,よみ人しらず_441,ふりはへていざふるさとの花見むとこしをにほひぞうつろひにける
756,とものり_442,りうたむのはな
757,とものり_442,わがやどの花ふみしだくとりうたむのはなければやここにしもくる
758,よみ人しらず_443,をばな
759,よみ人しらず_443,ありと見てたのむぞかたきうつせみの世をばなしとや思ひなしてむ
760,やたべの名実_444,けにごし
761,やたべの名実_444,うちつけにこしとや花の色を見むおく白露のそむるばかりを
762,文屋やすひで_445,二条の后春宮のみやすん所と申しける時に、めどに
763,文屋やすひで_445,けづり花させりけるをよませたまひける
764,きのとしさだ_446,しのぶぐさ
765,きのとしさだ_446,山たかみつねに嵐の吹くさとはにほひもあへず花ぞちりける
766,平あつゆき_447,やまし
767,平あつゆき_447,郭公みねのくもにやまじりにしありとはきけど見るよしもなき
768,よみ人しらず_448,からはぎ
769,よみ人しらず_448,空蝉のからは木ごとにとどむれどたまのゆくへを見ぬぞかなしき
770,ふかやぶ_449,かはなぐさ
771,ふかやぶ_449,うばたまの夢になにかはなぐさまむうつつにだにもあかぬ心は
772,たかむこのとしはる_450,さがりごけ
773,たかむこのとしはる_450,花の色はただひとさかりこけれども返す返すぞつゆはそめける
774,しげはる_451,にがたけ
775,しげはる_451,いのちとてつゆをたのむにかたければ物わびしらになくのべのむし
776,かげのりのおほきみ_452,かはたけ
777,かげのりのおほきみ_452,さ夜ふけてなかばたけゆく久方の月ふきかへせ秋の山風
778,真せいほうし_453,わらび
779,真せいほうし_453,煙たちもゆとも見えぬ草のはをたれかわらびとなづけそめけむ
780,きのめのと_454,ささ、まつ、びは、ばせをば
781,きのめのと_454,いさざめに時まつまにぞ日はへぬる心ばせをば人に見えつつ
782,兵衛_455,なし、なつめ、くるみ
783,兵衛_455,あぢきなしなげきなつめそうき事にあひくる身をばすてぬものから
784,安倍清行朝臣_456,からことといふ所にて春のたちける日よめる
785,安倍清行朝臣_456,浪のおとのけさからことにきこゆるは春のしらべや改るらむ
786,兼覧王_457,いかがさき
787,兼覧王_457,かぢにあたる浪のしづくを春なればいかがさきちる花と見ざらむ
788,あほのつねみ_458,からさき
789,あほのつねみ_458,かの方にいつからさきにわたりけむ浪ぢはあとものこらざりけり
790,伊勢_459,浪の花おきからさきてちりくめり水の春とは風やなるらむ
791,つらゆき_460,かみやがは
792,つらゆき_460,うばたまのわがくろかみやかはるらむ鏡の影にふれるしらゆき
793,_461,よどがは
794,_461,あしひきの山べにをれば白雲のいかにせよとかはるる時なき
795,ただみね_462,かたの
796,ただみね_462,夏草のうへはしげれるぬま水のゆくかたのなきわが心かな
797,源ほどこす_463,かつらのみや
798,源ほどこす_463,秋くれば月のかつらのみやはなるひかりを花とちらすばかりを
799,よみ人しらず_464,百和香
800,よみ人しらず_464,花ごとにあかずちらしし風なればいくそばくわがうしとかは思ふ
801,しげはる_465,すみながし
802,しげはる_465,春がすみなかしかよひぢなかりせば秋くるかりはかへらざらまし
803,みやこのよしか_466,おきび
804,みやこのよしか_466,流れいづる方だに見えぬ涙河おきひむ時やそこはしられむ
805,大江千里_467,ちまき
806,大江千里_467,のちまきのおくれておふるなへなれどあだにはならぬたのみとぞきく
807,僧正聖宝_468,はをはじめ、るをはてにて、ながめをかけて時のう
808,僧正聖宝_468,たよめと人のいひければよみける
809,読人しらず_469,題しらず
810,読人しらず_469,郭公なくやさ月のあやめぐさあやめもしらぬこひもするかな
811,素性法師_470,おとにのみきくの白露よるはおきてひるは思ひにあへずけぬべし
812,紀貫之_471,吉野河いは浪たかく行く水のはやくぞ人を思ひそめてし
813,藤原勝臣_472,白浪のあとなき方に行く舟も風ぞたよりのしるべなりける
814,在原元方_473,おとは山おとにききつつ相坂の関のこなたに年をふるかな
815,_474,立帰りあはれとぞ思ふよそにても人に心をおきつ白浪
816,つらゆき_475,世中はかくこそ有りけれ吹く風のめに見ぬ人もこひしかりけり
817,在原業平朝臣_476,右近のむまばのひをりの日、むかひにたてたりける
818,在原業平朝臣_476,くるまのしたすだれより女のかほのほのかに見えければ、よむでつかはしける
819,よみ人しらず_477,返し
820,よみ人しらず_477,しるしらぬなにかあやなくわきていはむ思ひのみこそしるべなりけれ
821,みぶのただみね_478,かすがのまつりにまかれりける時に、物見にいでた
822,みぶのただみね_478,りける女のもとに、家をたづねてつかはせりける
823,つらゆき_479,人の花つみしける所にまかりて、そこなりける人の
824,つらゆき_479,もとに、のちによみてつかはしける
825,もとかた_480,題しらず
826,もとかた_480,たよりにもあらぬおもひのあやしきは心を人につくるなりけり
827,凡河内みつね_481,はつかりのはつかにこゑをききしより中ぞらにのみ物を思ふかな
828,つらゆき_482,逢ふ事はくもゐはるかになる神のおとにききつつこひ渡るかな
829,読人しらず_483,かたいとをこなたかなたによりかけてあはずはなにをたまのをにせむ
830,_484,夕ぐれは雲のはたてに物ぞ思ふあまつそらなる人をこふとて
831,_485,かりこもの思ひみだれて我こふといもしるらめや人しつげずは
832,_486,つれもなき人をやねたくしらつゆのおくとはなげきぬとはしのばむ
833,_487,ちはやぶるかもの社のゆふだすきひと日も君をかけぬ日はなし
834,_488,わがこひはむなしきそらにみちぬらし思ひやれどもゆく方もなし
835,_489,するがなるたごの浦浪たたぬひはあれども君をこひぬ日ぞなき
836,_490,ゆふづく夜さすやをかべの松のはのいつともわかぬこひもするかな
837,_491,葦引の山した水のこがくれてたぎつ心をせきぞかねつる
838,_492,吉野河いはきりとほし行く水のおとにはたてじこひはしぬとも
839,_493,たきつせのなかにもよどはありてふをなどわがこひのふちせともなき
840,_494,山高みした行く水のしたにのみ流れてこひむこひはしぬとも
841,_495,思ひいづるときはの山のいはつつじいはねばこそあれこひしき物を
842,_496,人しれずおもへばくるし紅のすゑつむ花のいろにいでなむ
843,_497,秋の野のをばなにまじりさく花のいろにやこひむあふよしをなみ
844,_498,わがそのの梅のほつえに鶯のねになきぬべきこひもするかな
845,_499,あしひきの山郭公わがごとや君にこひつついねがてにする
846,_500,夏なればやどにふすぶるかやり火のいつまでわが身したもえをせむ
847,_501,恋せじとみたらし河にせしみそぎ神はうけずぞなりにけらしも
848,_502,あはれてふ事だになくはなにをかは恋のみだれのつかねをにせむ
849,_503,おもふには忍ぶる事ぞまけにける色にはいでじとおもひし物を
850,_504,わがこひを人しるらめや敷妙の枕のみこそしらばしるらめ
851,_505,あさぢふのをののしの原しのぶとも人しるらめやいふ人なしに
852,_506,人しれぬ思ひやなぞとあしかきのまぢかけれどもあふよしのなき
853,_507,思ふともこふともあはむ物なれやゆふてもたゆくとくるしたひも
854,_508,いで我を人なとがめそおほ舟のゆだのたゆだに物思ふころぞ
855,_509,伊勢の海につりするあまのうけなれや心ひとつを定めかねつる
856,_510,いせのうみのあまのつりなは打ちはへてくるしとのみや思ひ渡らむ
857,_511,涙河何みなかみを尋ねけむ物思ふ時のわが身なりけり
858,_512,たねしあればいはにも松はおひにけり恋をしこひばあはざらめやは
859,_513,あさなあさな立つ河霧のそらにのみうきて思ひのある世なりけり
860,_514,わすらるる時しなければあしたづの思ひみだれてねをのみぞなく
861,_515,唐衣ひもゆふぐれになる時は返す返すぞ人はこひしき
862,_516,よひよひに枕さだめむ方もなしいかにねし夜か夢に見えけむ
863,_517,恋しきに命をかふる物ならばしにはやすくぞあるべかりける
864,_518,人の身もならはし物をあはずしていざ心みむこひやしぬると
865,_519,忍ぶれば苦しき物を人しれず思ふてふ事誰にかたらむ
866,_520,こむ世にもはや成りななむ目の前につれなき人を昔とおもはむ
867,_521,つれもなき人をこふとて山びこのこたへするまでなげきつるかな
868,_522,ゆく水にかずかくよりもはかなきはおもはぬ人を思ふなりけり
869,_523,人を思ふ心は我にあらねばや身の迷ふだにしられざるらむ
870,_524,思ひやるさかひはるかになりやするまどふ夢ぢにあふ人のなき
871,_525,夢の内にあひ見む事をたのみつつくらせるよひはねむ方もなし
872,_526,こひしねとするわざならしむばたまのよるはすがらに夢に見えつつ
873,_527,涙河枕ながるるうきねには夢もさだかに見えずぞありける
874,_528,恋すればわが身は影と成りにけりさりとて人にそはぬ物ゆゑ
875,_529,篝火にあらぬわが身のなぞもかく涙の河にうきてもゆらむ
876,_530,かがり火の影となる身のわびしきは流れてしたにもゆるなりけり
877,_531,はやきせに見るめおひせばわが袖の涙の河にうゑまし物を
878,_532,おきへにもよらぬたまもの浪のうへにみだれてのみやこひ渡りなむ
879,_533,あしがものさわぐ入江の白浪のしらずや人をかくこひむとは
880,_534,人しれぬ思ひをつねにするがなるふじの山こそわが身なりけれ
881,_535,とぶとりのこゑもきこえぬ奥山のふかき心を人はしらなむ
882,_536,相坂のゆふつけどりもわがごとく人やこひしきねのみなくらむ
883,_537,相坂の関にながるるいはし水いはで心に思ひこそすれ
884,_538,うき草のうへはしげれるふちなれや深き心をしる人のなき
885,_539,打ちわびてよばはむ声に山びこのこたへぬ山はあらじとぞ思ふ
886,_540,心がへする物にもがかたこひはくるしき物と人にしらせむ
887,_541,よそにしてこふればくるしいれひものおなじ心にいざむすびてむ
888,_542,春たてばきゆる氷ののこりなく君が心は我にとけなむ
889,_543,あけたてば蝉のをりはへなきくらしよるはほたるのもえこそわたれ
890,_544,夏虫の身をいたづらになすこともひとつ思ひによりてなりけり
891,_545,ゆふさればいとどひがたきわがそでに秋のつゆさへおきそはりつつ
892,_546,いつとてもこひしからずはあらねども秋のゆふべはあやしかりけり
893,_547,秋の田のほにこそ人をこひざらめなどか心に忘れしもせむ
894,_548,あきのたのほのうへをてらすいなづまのひかりのまにも我やわするる
895,_549,人めもる我かはあやな花すすきなどかほにいでてこひずしもあらむ
896,_550,あは雪のたまればがてにくだけつつわが物思ひのしげきころかな
897,_551,奥山の菅のねしのぎふる雪のけぬとかいはむこひのしげきに
898,小野小町_552,題しらず
899,小野小町_552,思ひつつぬればや人の見えつらむ夢としりせばさめざらましを
900,_553,うたたねに恋しきひとを見てしより夢てふ物は憑みそめてき
901,_554,いとせめてこひしき時はむば玉のよるの衣を返してぞきる
902,素性法師_555,秋風の身にさむければつれもなき人をぞたのむくるる夜ごとに
903,あべのきよゆきの朝臣_556,しもついづもでらに人のわざしける日、真せい法し
904,あべのきよゆきの朝臣_556,のだうしにていへりける事を哥によみてをののこまちがもとにつかはしける
905,こまち_557,返し
906,こまち_557,おろかなる涙ぞそでに玉はなす我はせきあへずたきつせなれば
907,藤原としゆきの朝臣_558,寛平御時きさいの宮の哥合のうた
908,藤原としゆきの朝臣_558,恋ひわびて打ちぬる中に行きかよふ夢のただぢはうつつならなむ
909,_559,住の江の岸による浪よるさへやゆめのかよひぢ人めよくらむ
910,をののよしき_560,わがこひはみ山がくれの草なれやしげさまされどしる人のなき
911,紀とものり_561,よひのまもはかなく見ゆる夏虫に迷ひまされるこひもするかな
912,_562,ゆふされば蛍よりけにもゆれどもひかり見ねばや人のつれなき
913,_563,ささのはにおく霜よりもひとりぬるわが衣手ぞさえまさりける
914,_564,わがやどの菊のかきねにおくしものきえかへりてぞこひしかりける
915,_565,河のせになびくたまものみがくれて人にしられぬこひもするかな
916,みぶのただみね_566,かきくらしふる白雪のしたぎえにきえて物思ふころにもあるかな
917,藤原おきかぜ_567,君こふる涙のとこにみちぬればみをつくしとぞ我はなりぬる
918,_568,しぬるいのちいきもやすると心見に玉のをばかりあはむといはなむ
919,_569,わびぬればしひてわすれむと思へども夢といふ物ぞ人だのめなる
920,よみ人しらず_570,わりなくもねてもさめてもこひしきか心をいづちやらばわすれむ
921,_571,恋しきにわびてたましひ迷ひなばむなしきからのなにやのこらむ
922,紀つらゆき_572,君こふる涙しなくは唐衣むねのあたりは色もえなまし
923,_573,題しらず
924,_573,世とともに流れてぞ行く涙河冬もこほらぬみなわなりけり
925,_574,夢ぢにもつゆやおくらむよもすがらかよへる袖のひちてかわかぬ
926,そせい法し_575,はかなくて夢にも人を見つる夜は朝のとこぞおきうかりける
927,藤原ただふさ_576,いつはりの涙なりせば唐衣しのびに袖はしぼらざらまし
928,大江千里_577,ねになきてひちにしかども春さめにぬれにし袖ととはばこたへむ
929,としゆきの朝臣_578,わがごとく物やかなしき郭公時ぞともなくよただなくらむ
930,つらゆき_579,さ月山こずゑをたかみ郭公なくねそらなるこひもするかな
931,凡河内みつね_580,秋ぎりのはるる時なき心にはたちゐのそらもおもほえなくに
932,清原ふかやぶ_581,虫のごと声にたててはなかねども涙のみこそしたにながるれ
933,よみ人しらず_582,これさだのみこの家の哥合のうた
934,よみ人しらず_582,秋なれば山とよむまでなくしかに我おとらめやひとりぬるよは
935,つらゆき_583,題しらず
936,つらゆき_583,秋ののにみだれてさける花の色のちくさに物を思ふころかな
937,みつね_584,ひとりして物をおもへば秋のよのいなばのそよといふ人のなき
938,ふかやぶ_585,人を思ふ心はかりにあらねどもくもゐにのみもなきわたるかな
939,ただみね_586,秋風にかきなすことのこゑにさへはかなく人のこひしかるらむ
940,つらゆき_587,まこもかるよどのさは水雨ふればつねよりことにまさるわがこひ
941,_588,やまとに侍りける人につかはしける
942,_588,こえぬまはよしのの山のさくら花人づてにのみききわたるかな
943,_589,やよひばかりに物のたうびける人のもとに、又人ま
944,_589,かりつつせうそこすとききてつかはしける
945,坂上これのり_590,題しらず
946,坂上これのり_590,わがこひにくらぶの山のさくら花まなくちるともかずはまさらじ
947,むねをかのおほより_591,冬河のうへはこほれる我なれやしたにながれてこひわたるらむ
948,ただみね_592,たきつせにねざしとどめぬうき草のうきたるこひも我はするかな
949,とものり_593,よひよひにぬぎてわがぬるかり衣かけておもはぬ時のまもなし
950,_594,あづまぢのさやの中山なかなかになにしか人を思ひそめけむ
951,_595,しきたへの枕のしたに海はあれど人を見るめはおひずぞ有りける
952,_596,年をへてきえぬおもひは有りながらよるのたもとは猶こほりけり
953,つらゆき_597,わがこひはしらぬ山ぢにあらなくに迷ふ心ぞわびしかりける
954,_598,紅のふりいでつつなく涙にはたもとのみこそ色まさりけれ
955,_599,白玉と見えし涙も年ふればから紅にうつろひにけり
956,みつね_600,夏虫をなにかいひけむ心から我も思ひにもえぬべらなり
957,ただみね_601,風ふけば峯にわかるる白雲のたえてつれなき君が心か
958,_602,月影にわが身をかふる物ならばつれなき人もあはれとや見む
959,ふかやぶ_603,こひしなばたが名はたたじ世中のつねなき物といひはなすとも
960,つらゆき_604,つのくにのなにはのあしのめもはるにしげきわがこひ人しるらめや
961,_605,手もふれで月日へにけるしらま弓おきふしよるはいこそねられね
962,_606,人しれぬ思ひのみこそわびしけれわが歎をば我のみぞしる
963,とものり_607,事にいでていはぬばかりぞみなせ河したにかよひてこひしきものを
964,みつね_608,君をのみ思ひねにねし夢なればわが心から見つるなりけり
965,ただみね_609,いのちにもまさりてをしくある物は見はてぬゆめのさむるなりけり
966,はるみちのつらき_610,梓弓ひけば本末わが方によるこそまされこひの心は
967,みつね_611,わがこひはゆくへもしらずはてもなし逢ふを限と思ふばかりぞ
968,_612,我のみぞかなしかりけるひこぼしもあはですぐせる年しなければ
969,ふかやぶ_613,今ははやこひしなましをあひ見むとたのめし事ぞいのちなりける
970,みつね_614,たのめつつあはで年ふるいつはりにこりぬ心を人はしらなむ
971,とものり_615,いのちやはなにぞはつゆのあだ物をあふにしかへばをしからなくに
972,在原業平朝臣_616,やよひのついたちよりしのびに人にものらいひての
973,在原業平朝臣_616,ちに、雨のそほふりけるによみてつかはしける
974,としゆきの朝臣_617,なりひらの朝臣の家に侍りける女のもとによみてつ
975,としゆきの朝臣_617,かはしける
976,なりひらの朝臣_618,かの女にかはりて返しによめる
977,なりひらの朝臣_618,あさみこそ袖はひつらめ涙河身さへ流るときかばたのまむ
978,よみ人しらず_619,題しらず
979,よみ人しらず_619,よるべなみ身をこそとほくへだてつれ心は君が影となりにき
980,_620,いたづらに行きてはきぬるものゆゑに見まくほしさにいざなはれつつ
981,_621,あはぬ夜のふる白雪とつもりなば我さへともにけぬべきものを
982,なりひらの朝臣_622,秋ののにささわけしあさの袖よりもあはでこしよぞひちまさりける
983,をののこまち_623,見るめなきわが身をうらとしらねばやかれなであまのあしたゆくくる
984,源むねゆきの朝臣_624,あはずしてこよひあけなば春の日の長くや人をつらしと思はむ
985,みぶのただみね_625,有りあけのつれなく見えし別より暁ばかりうき物はなし
986,在原元方_626,逢ふ事のなぎさにしよる浪なれば怨みてのみぞ立ち帰りける
987,よみ人しらず_627,かねてより風にさきだつ浪なれや逢ふ事なきにまだき立つらむ
988,ただみね_628,みちのくに有りといふなるなとり河なきなとりてはくるしかりけり
989,みはるのありすけ_629,あやなくてまだきなきなのたつた河わたらでやまむ物ならなくに
990,もとかた_630,人はいさ我はなきなのをしければ昔も今もしらずとをいはむ
991,よみ人しらず_631,こりずまに又もなきなはたちぬべし人にくからぬ世にしすまへば
992,なりひらの朝臣_632,ひむがしの五条わたりに人をしりおきてまかりかよ
993,なりひらの朝臣_632,ひけり、しのびなる所なりければかどよりしもえいらで、かきのくづれよりかよひける
994,なりひらの朝臣_632,を、たびかさなりければあるじききつけて、かのみちに夜ごとに人をふせてまもらすれ
995,なりひらの朝臣_632,ば、いきけれどえあはでのみかへりてよみてやりける
996,つらゆき_633,題しらず
997,つらゆき_633,しのぶれどこひしき時はあしひきの山より月のいでてこそくれ
998,よみ人しらず_634,こひこひてまれにこよひぞ相坂のゆふつけ鳥はなかずもあらなむ
999,をののこまち_635,秋の夜も名のみなりけりあふといへば事ぞともなくあけぬるものを
1000,凡河内みつね_636,ながしとも思ひぞはてぬ昔より逢ふ人からの秋のよなれば
1001,よみ人しらず_637,しののめのほがらほがらとあけゆけばおのがきぬぎぬなるぞかなしき
1002,藤原国経朝臣_638,曙ぬとて今はの心つくからになどいひしらぬ思ひそふらむ
1003,としゆきの朝臣_639,寛平御時きさいの宮の哥合のうた
1004,としゆきの朝臣_639,あけぬとてかへる道にはこきたれて雨も涙もふりそほちつつ
1005,寵_640,題しらず
1006,寵_640,しののめの別ををしみ我ぞまづ鳥よりさきに鳴きはじめつる
1007,よみ人しらず_641,ほととぎす夢かうつつかあさつゆのおきて別れし暁のこゑ
1008,_642,玉匣あけば君がなたちぬべみ夜ふかくこしを人見けむかも
1009,大江千里_643,けさはしもおきけむ方もしらざりつ思ひいづるぞきえてかなしき
1010,なりひらの朝臣_644,人にあひてあしたによみてつかはしける
1011,なりひらの朝臣_644,ねぬる夜の夢をはかなみまどろめばいやはかなにもなりまさるかな
1012,よみ人しらず_645,業平朝臣の伊勢のくににまかりたりける時、斎宮な
1013,よみ人しらず_645,りける人にいとみそかにあひて、又のあしたに人やるすべなくて思ひをりけるあひだ
1014,よみ人しらず_645,に、女のもとよりおこせたりける
1015,なりひらの朝臣_646,返し
1016,なりひらの朝臣_646,かきくらす心のやみに迷ひにき夢うつつとは世人さだめよ
1017,よみ人しらず_647,題しらず
1018,よみ人しらず_647,むばたまのやみのうつつはさだかなる夢にいくらもまさらざりけり
1019,_648,さ夜ふけてあまのと渡る月影にあかずも君をあひ見つるかな
1020,_649,君が名もわがなもたてじなにはなるみつともいふなあひきともいはじ
1021,_650,名とり河せぜのむもれ木あらはれば如何にせむとかあひ見そめけむ
1022,_651,吉野河水の心ははやくともたきのおとにはたてじとぞ思ふ
1023,_652,こひしくはしたにをおもへ紫のねずりの衣色にいづなゆめ
1024,をののはるかぜ_653,花すすきほにいでてこひば名ををしみしたゆふひものむすぼほれつつ
1025,よみ人しらず_654,たちばなのきよきがしのびにあひしれりける女のも
1026,よみ人しらず_654,とよりおこせたりける
1027,たちばなのきよ木_655,返し
1028,たちばなのきよ木_655,なきこふる涙に袖のそほちなばぬぎかへがてらよるこそはきめ
1029,こまち_656,題しらず
1030,こまち_656,うつつにはさもこそあらめ夢にさへ人めをよくと見るがわびしさ
1031,_657,限なき思ひのままによるもこむゆめぢをさへに人はとがめじ
1032,_658,夢ぢにはあしもやすめずかよへどもうつつにひとめ見しごとはあらず
1033,よみ人しらず_659,おもへども人めづつみのたかければ河と見ながらえこそわたらね
1034,_660,たきつせのはやき心をなにしかも人めづつみのせきとどむらむ
1035,きのとものり_661,寛平御時きさいの宮の哥合のうた
1036,きのとものり_661,紅の色にはいでじかくれぬのしたにかよひてこひはしぬとも
1037,みつね_662,題しらず
1038,みつね_662,冬の池にすむにほ鳥のつれもなくそこにかよふと人にしらすな
1039,_663,ささのはにおくはつしもの夜をさむみしみはつくとも色にいでめや
1040,読人しらず_664,山しなのおとはの山のおとにだに人のしるべくわがこひめかも
1041,清原ふかやぶ_665,みつしほの流れひるまをあひがたみみるめの浦によるをこそまて
1042,平貞文_666,白河のしらずともいはじそこきよみ流れて世世にすまむと思へば
1043,とものり_667,したにのみこふればくるし玉のをのたえてみだれむ人なとがめそ
1044,_668,わがこひをしのびかねてはあしひきの山橘の色にいでぬべし
1045,よみ人しらず_669,おほかたはわが名もみなとこぎいでなむ世をうみべたに見るめすくなし
1046,平貞文_670,枕より又しる人もなきこひを涙せきあへずもらしつるかな
1047,よみ人しらず_671,風ふけば浪打つ岸の松なれやねにあらはれてなきぬべらなり
1048,_672,池にすむ名ををし鳥の水をあさみかくるとすれどあらはれにけり
1049,_673,逢ふ事は玉の緒ばかり名のたつは吉野の河のたきつせのごと
1050,_674,むらとりのたちにしわが名今更にことなしふともしるしあらめや
1051,_675,君によりわがなは花に春霞野にも山にもたちみちにけり
1052,伊勢_676,しるといへば枕だにせでねし物をちりならぬなのそらにたつらむ
1053,よみ人しらず_677,題しらず
1054,よみ人しらず_677,みちのくのあさかのぬまの花かつみかつ見る人にこひやわたらむ
1055,_678,あひ見ずはこひしきこともなからましおとにぞ人をきくべかりける
1056,つらゆき_679,いその神ふるのなか道なかなかに見ずはこひしと思はましやは
1057,ふぢはらのただゆき_680,君てへば見まれ見ずまれふじのねのめづらしげなくもゆるわがこひ
1058,伊勢_681,夢にだに見ゆとは見えじあさなあさなわがおもかげにはづる身なれば
1059,よみ人しらず_682,いしま行く水の白浪立ち帰りかくこそは見めあかずもあるかな
1060,_683,いせのあまのあさなゆふなにかづくてふ見るめに人をあくよしもがな
1061,とものり_684,春霞たなびく山のさくら花見れどもあかぬ君にもあるかな
1062,ふかやぶ_685,心をぞわりなき物と思ひぬる見る物からやこひしかるべき
1063,凡河内みつね_686,かれはてむのちをばしらで夏草の深くも人のおもほゆるかな
1064,よみ人しらず_687,あすかがはふちはせになる世なりとも思ひそめてむ人はわすれじ
1065,_688,寛平御時きさいの宮の哥合のうた
1066,_688,思ふてふ事のはのみや秋をへて色もかはらぬ物にはあるらむ
1067,_689,題しらず
1068,_689,さむしろに衣かたしきこよひもや我をまつらむうぢのはしひめ
1069,_690,君やこむ我やゆかむのいさよひにまきのいたどもささずねにけり
1070,そせいほうし_691,今こむといひしばかりに長月のありあけの月をまちいでつるかな
1071,よみ人しらず_692,月夜よしよよしと人につげやらばこてふににたりまたずしもあらず
1072,_693,君こずはねやへもいらじこ紫わがもとゆひにしもはおくとも
1073,_694,宮木ののもとあらのこはぎつゆをおもみ風をまつごときみをこそまて
1074,_695,あなこひし今も見てしか山がつのかきほにさける山となでしこ
1075,_696,つのくにのなにはおもはず山しろのとはにあひ見むことをのみこそ
1076,つらゆき_697,しきしまややまとにはあらぬ唐衣ころもへずしてあふよしもがな
1077,ふかやぶ_698,こひしとはたがなづけけむことならむしぬとぞただにいふべかりける
1078,よみびとしらず_699,三吉野のおほかはのべの藤波のなみにおもはばわがこひめやは
1079,_700,かくこひむ物とは我も思ひにき心のうらぞまさしかりける
1080,_701,あまのはらふみとどろかしなる神も思ふなかをばさくるものかは
1081,_702,梓弓ひきののつづらすゑつひにわが思ふ人に事のしげけむ
1082,_703,夏びきのてびきのいとをくりかへし事しげくともたえむと思ふな
1083,_704,さと人の事は夏ののしげくともかれ行くきみにあはざらめやは
1084,在原業平朝臣_705,藤原敏行朝臣の、なりひらの朝臣の家なりける女を
1085,在原業平朝臣_705,あひしりてふみつかはせりけることばに、いままうでく、あめのふりけるをなむ見わづ
1086,在原業平朝臣_705,らひ侍るといへりけるをききて、かの女にかはりてよめりける
1087,よみ人しらず_706,ある女の、なりひらの朝臣をところさだめずありき
1088,よみ人しらず_706,すとおもひて、よみてつかはしける
1089,なりひらの朝臣_707,返し
1090,なりひらの朝臣_707,おほぬさと名にこそたてれながれてもつひによるせはありてふものを
1091,よみ人しらず_708,題しらず
1092,よみ人しらず_708,すまのあまのしほやく煙風をいたみおもはぬ方にたなびきにけり
1093,_709,たまがつらはふ木あまたになりぬればたえぬ心のうれしげもなし
1094,_710,たがさとに夜がれをしてか郭公ただここにしもねたるこゑする
1095,_711,いで人は事のみぞよき月草のうつし心はいろことにして
1096,_712,いつはりのなき世なりせばいかばかり人のことのはうれしからまし
1097,_713,いつはりと思ふものから今さらにたがまことをか我はたのまむ
1098,素性法師_714,秋風に山のこのはのうつろへば人の心もいかがとぞ思ふ
1099,とものり_715,寛平御時きさいの宮の哥合のうた
1100,とものり_715,蝉のこゑきけばかなしな夏衣うすくや人のならむと思へば
1101,よみ人しらず_716,題しらず
1102,よみ人しらず_716,空蝉の世の人ごとのしげければわすれぬもののかれぬべらなり
1103,_717,あかでこそおもはむなかははなれなめそをだにのちのわすれがたみに
1104,_718,忘れなむと思ふ心のつくからに有りしよりけにまづぞこひしき
1105,_719,わすれなむ我をうらむな郭公人の秋にはあはむともせず
1106,_720,たえずゆくあすかの河のよどみなば心あるとや人のおもはむ
1107,_721,よど河のよどむと人は見るらめど流れてふかき心あるものを
1108,そせい法し_722,そこひなきふちやはさわぐ山河のあさきせにこそあだなみはたて
1109,よみ人しらず_723,紅のはつ花ぞめの色ふかく思ひし心我わすれめや
1110,河原左大臣_724,みちのくのしのぶもぢずりたれゆゑにみだれむと思ふ我ならなくに
1111,よみ人しらず_725,おもふよりいかにせよとか秋風になびくあさぢの色ことになる
1112,_726,千千の色にうつろふらめどしらなくに心し秋のもみぢならねば
1113,小野小町_727,あまのすむさとのしるべにあらなくに怨みむとのみ人のいふらむ
1114,しもつけのをむね_728,くもり日の影としなれる我なればめにこそ見えね身をばはなれず
1115,つらゆき_729,色もなき心を人にそめしよりうつろはむとはおもほえなくに
1116,よみ人しらず_730,めづらしき人を見むとやしかもせぬわがしたひものとけわたるらむ
1117,_731,かげろふのそれかあらぬか春雨のふる日となればそでぞぬれぬる
1118,_732,ほり江こぐたななしを舟こぎかへりおなじ人にやこひわたりなむ
1119,伊勢_733,わたつみとあれにしとこを今便にはらはばそでやあわとうきなむ
1120,つらゆき_734,いにしへに猶立ち帰る心かなこひしきことに物わすれせで
1121,大伴くろぬし_735,人をしのびにあひしりてあひがたくありければ、そ
1122,大伴くろぬし_735,の家のあたりをまかりありきけるをりに、かりのなくをききてよみてつかはしける
1123,典侍藤原よるかの朝臣_736,右のおほいまうちぎみすまずなりにければ、かのむ
1124,典侍藤原よるかの朝臣_736,かしおこせたりけるふみどもを、とりあつめて返すとてよみておくりける
1125,近院の右のおほいまうちぎみ_737,返し
1126,近院の右のおほいまうちぎみ_737,今はとてかへす事のはひろひおきておのが物からかたみとや見む
1127,よるかの朝臣_738,題しらず
1128,よるかの朝臣_738,たまほこの道はつねにもまどはなむ人をとふとも我かとおもはむ
1129,よみ人しらず_739,まてといはばねてもゆかなむしひて行くこまのあしをれまへのたなはし
1130,閑院_740,中納言源ののぼるの朝臣のあふみのすけに侍りける
1131,閑院_740,時、よみてやれりける
1132,伊勢_741,題しらず
1133,伊勢_741,ふるさとにあらぬ物からわがために人の心のあれて見ゆらむ
1134,寵_742,山がつのかきほにはへるあをつづら人はくれどもことづてもなし
1135,さかゐのひとざね_743,おほぞらはこひしき人のかたみかは物思ふごとにながめらるらむ
1136,読人しらず_744,あふまでのかたみも我はなにせむに見ても心のなぐさまなくに
1137,おきかぜ_745,おやのまもりける人のむすめにいとしのびにあひて
1138,おきかぜ_745,ものらいひけるあひだに、おやのよぶといひければ、いそぎかへるとてもをなむぬぎお
1139,おきかぜ_745,きていりにける、そののちもをかへすとてよめる
1140,よみ人しらず_746,題しらず
1141,よみ人しらず_746,かたみこそ今はあたなれこれなくはわするる時もあらましものを
1142,在原業平朝臣_747,五条のきさいの宮のにしのたいにすみける人に、ほ
1143,在原業平朝臣_747,いにはあらでものいひわたりけるを、む月のとをかあまりになむほかへかくれにける、
1144,在原業平朝臣_747,あり所はききけれどえ物もいはで、又のとしのはる、むめの花さかりに月のおもしろか
1145,在原業平朝臣_747,りける夜、こぞをこひてかのにしのたいにいきて、月のかたぶくまであばらなるいたじ
1146,在原業平朝臣_747,きにふせりてよめる
1147,藤原なかひらの朝臣_748,題しらず
1148,藤原なかひらの朝臣_748,花すすき我こそしたに思ひしかほにいでて人にむすばれにけり
1149,藤原かねすけの朝臣_749,よそにのみきかまし物をおとは河渡るとなしに見なれそめけむ
1150,凡河内みつね_750,わがごとく我をおもはむ人もがなさてもやうきと世を心見む
1151,もとかた_751,久方のあまつそらにもすまなくに人はよそにぞ思ふべらなる
1152,よみびとしらず_752,見ても又またも見まくのほしければなるるを人はいとふべらなり
1153,きのとものり_753,雲もなくなぎたるあさの我なれやいとはれてのみ世をばへぬらむ
1154,よみ人しらず_754,花がたみめならぶ人のあまたあればわすられぬらむかずならぬ身は
1155,_755,うきめのみおひて流るる浦なればかりにのみこそあまはよるらめ
1156,伊勢_756,あひにあひて物思ふころのわが袖にやどる月さへぬるるかほなる
1157,よみ人しらず_757,秋ならでおく白露はねざめするわがた枕のしづくなりけり
1158,_758,すまのあまのしほやき衣をさをあらみまどほにあれや君がきまさぬ
1159,_759,山しろのよどのわかごもかりにだにこぬ人たのむ我ぞはかなき
1160,_760,あひ見ねばこひこそまされみなせ河なににふかめて思ひそめけむ
1161,_761,暁のしぎのはねがきももはがき君がこぬ夜は我ぞかずかく
1162,_762,玉かづら今はたゆとや吹く風のおとにも人のきこえざるらむ
1163,_763,わが袖にまだき時雨のふりぬるは君が心に秋やきぬらむ
1164,_764,山の井の浅き心もおもはぬに影ばかりのみ人の見ゆらむ
1165,_765,忘草たねとらましを逢ふ事のいとかくかたき物としりせば
1166,_766,こふれども逢ふ夜のなきは忘草夢ぢにさへやおひしげるらむ
1167,_767,夢にだにあふ事かたくなりゆくは我やいをねぬ人やわするる
1168,けむげい法し_768,もろこしも夢に見しかばちかかりきおもはぬ中ぞはるけかりける
1169,さだののぼる_769,独のみながめふるやのつまなれば人を忍ぶの草ぞおひける
1170,僧正へんぜう_770,わがやどは道もなきまであれにけりつれなき人をまつとせしまに
1171,_771,今こむといひてわかれし朝より思ひくらしのねをのみぞなく
1172,よみ人しらず_772,こめやとは思ふ物からひぐらしのなくゆふぐれはたちまたれつつ
1173,_773,今しはとわびにし物をささがにの衣にかかり我をたのむる
1174,_774,いまはこじと思ふ物から忘れつつまたるる事のまだもやまぬか
1175,_775,月よにはこぬ人またるかきくもり雨もふらなむわびつつもねむ
1176,_776,うゑていにし秋田かるまで見えこねばけさはつかりのねにぞなきぬる
1177,_777,こぬ人を松ゆふぐれの秋風はいかにふけばかわびしかるらむ
1178,_778,ひさしくもなりにけるかなすみのえの松はくるしき物にぞありける
1179,かねみのおほきみ_779,住の江の松ほどひさになりぬればあしたづのねになかぬ日はなし
1180,伊勢_780,仲平朝臣あひしりて侍りけるを、かれ方になりにけ
1181,伊勢_780,れば、ちちがやまとのかみに侍りけるもとへまかるとてよみてつかはしける
1182,雲林院のみこ_781,題しらず
1183,雲林院のみこ_781,吹きまよふ野風をさむみ秋はぎのうつりも行くか人の心の
1184,をののこまち_782,今はとてわが身時雨にふりぬれば事のはさへにうつろひにけり
1185,小野さだき_783,返し
1186,小野さだき_783,人を思ふ心のこのはにあらばこそ風のまにまにちりもみだれめ
1187,_784,業平朝臣、きのありつねがむすめにすみけるを、
1188,_784,うらむることありて、しばしのあひだひるはきてゆふさりはかへりのみしければ、よ
1189,_784,みてつかはしける
1190,なりひらの朝臣_785,返し
1191,なりひらの朝臣_785,ゆきかへりそらにのみしてふる事はわがゐる山の風はやみなり
1192,かげのりのおほきみ_786,題しらず
1193,かげのりのおほきみ_786,唐衣なれば身にこそまつはれめかけてのみやはこひむと思ひし
1194,とものり_787,秋風は身をわけてしもふかなくに人の心のそらになるらむ
1195,源宗于朝臣_788,つれもなくなりゆく人の事のはぞ秋よりさきのもみぢなりける
1196,兵衛_789,心地そこなへりけるころ、あひしりて侍りける人の
1197,兵衛_789,とはで、ここちおこたりてのちとぶらへりければ、よみてつかはしける
1198,こまちがあね_790,あひしれりける人の、やうやくかれがたになりける
1199,こまちがあね_790,あひだに、やけたるちのはにふみをさしてつかはせりける
1200,伊勢_791,物おもひけるころ、ものへまかりけるみちに野火の
1201,伊勢_791,もえけるを見てよめる
1202,とものり_792,題しらず
1203,とものり_792,水のあわのきえてうき身といひながら流れて猶もたのまるるかな
1204,よみ人しらず_793,みなせ河有りて行く水なくはこそつひにわが身をたえぬと思はめ
1205,みつね_794,吉野河よしや人こそつらからめはやくいひてし事はわすれじ
1206,よみ人しらず_795,世中の人の心は花ぞめのうつろひやすき色にぞありける
1207,_796,心こそうたてにくけれそめざらばうつろふ事もをしからましや
1208,小野小町_797,色見えでうつろふ物は世中の人の心の花にぞ有りける
1209,よみ人しらず_798,我のみや世をうくひずとなきわびむ人の心の花とちりなば
1210,そせい法し_799,思ふともかれなむ人をいかがせむあかずちりぬる花とこそ見め
1211,よみ人しらず_800,今はとて君がかれなばわがやどの花をばひとり見てやしのばむ
1212,むねゆきの朝臣_801,忘草かれもやするとつれもなき人の心にしもはおかなむ
1213,そせい法し_802,寛平御時御屏風に哥かかせ給ひける時、よみてかき
1214,そせい法し_802,ける
1215,_803,題しらず
1216,_803,秋の田のいねてふ事もかけなくに何をうしとか人のかるらむ
1217,きのつらゆき_804,はつかりのなきこそわたれ世中の人の心の秋しうければ
1218,よみ人しらず_805,あはれともうしとも物を思ふ時などか涙のいとなかるらむ
1219,_806,身をうしと思ふにきえぬ物なればかくてもへぬるよにこそ有りけれ
1220,典侍藤原直子朝臣_807,あまのかるもにすむむしの我からとねをこそなかめ世をばうら見じ
1221,いなば_808,あひ見ぬもうきもわが身のから衣思ひしらずもとくるひもかな
1222,すがののただおむ_809,寛平御時きさいの宮の哥合のうた
1223,すがののただおむ_809,つれなきを今はこひじとおもへども心よわくもおつる涙か
1224,伊勢_810,題しらず
1225,伊勢_810,人しれずたえなましかばわびつつもなき名ぞとだにいはましものを
1226,よみ人しらず_811,それをだに思ふ事とてわがやどを見きとないひそ人のきかくに
1227,_812,逢ふ事のもはらたえぬる時にこそ人のこひしきこともしりけれ
1228,_813,わびはつる時さへ物の悲しきはいづこをしのぶ涙なるらむ
1229,藤原おきかぜ_814,怨みてもなきてもいはむ方ぞなきかがみに見ゆる影ならずして
1230,よみ人しらず_815,夕されば人なきとこを打ちはらひなげかむためとなれるわがみか
1231,_816,わたつみのわが身こす浪立ち返りあまのすむてふうらみつるかな
1232,_817,あらを田をあらすきかへしかへしても人の心を見てこそやまめ
1233,_818,有そ海の浜のまさごとたのめしは忘るる事のかずにぞ有りける
1234,_819,葦辺より雲ゐをさして行く雁のいやとほざかるわが身かなしも
1235,_820,しぐれつつもみづるよりも事のはの心の秋にあふぞわびしき
1236,_821,秋風のふきとふきぬるむさしのはなべて草ばの色かはりけり
1237,小町_822,あきかぜにあふたのみこそかなしけれわが身むなしくなりぬと思へば
1238,平貞文_823,秋風の吹きうらがへすくずのはのうらみても猶うらめしきかな
1239,よみ人しらず_824,あきといへばよそにぞききしあだ人の我をふるせる名にこそ有りけれ
1240,_825,わすらるる身をうぢはしの中たえて人もかよはぬ年ぞへにける
1241,坂上これのり_826,あふ事をながらのはしのながらへてこひ渡るまに年ぞへにける
1242,とものり_827,うきながらけぬるあわともなりななむ流れてとだにたのまれぬ身は
1243,読人しらず_828,流れては妹背の山のなかにおつるよしのの河のよしや世中
1244,小町たかむらの朝臣_829,いもうとの身まかりける時よみける
1245,小町たかむらの朝臣_829,なく涙雨とふらなむわたり河水まさりなばかへりくるがに
1246,そせい法し_830,さきのおほきおほいまうちぎみを、しらかはのあた
1247,そせい法し_830,りにおくりける夜よめる
1248,僧都勝延_831,ほりかはのおほきおほいまうち君、身まかりにける
1249,僧都勝延_831,時に、深草の山にをさめてけるのちによみける
1250,かむつけのみねを_832,ふかくさののべの桜し心あらばことしばかりはすみぞめにさけ
1251,きのとものり_833,藤原敏行朝臣の身まかりにける時によみてかの家に
1252,きのとものり_833,つかはしける
1253,紀つらゆき_834,あひしれりける人の身まかりにければよめる
1254,紀つらゆき_834,夢とこそいふべかりけれ世中にうつつある物と思ひけるかな
1255,みぶのただみね_835,あひしれりける人のみまかりにける時によめる
1256,みぶのただみね_835,ぬるがうちに見るをのみやは夢といはむはかなき世をもうつつとはみ
1257,みぶのただみね_835,ず
1258,_836,あねの身まかりにける時によめる
1259,_836,せをせけばふちとなりてもよどみけりわかれをとむるしがらみぞなき
1260,閑院_837,藤原忠房がむかしあひしりて侍りける人の身まかり
1261,閑院_837,にける時に、とぶらひにつかはすとてよめる
1262,つらゆき_838,きのとものりが身まかりにける時よめる
1263,つらゆき_838,あすしらぬわが身とおもへどくれぬまのけふは人こそかなしかりけれ
1264,ただみね_839,時しもあれ秋やは人のわかるべきあるを見るだにこひしきものを
1265,凡河内みつね_840,ははがおもひにてよめる
1266,凡河内みつね_840,神な月時雨にぬるるもみぢばはただわび人のたもとなりけり
1267,ただみね_841,ちちがおもひにてよめる
1268,ただみね_841,ふぢ衣はつるるいとはわび人の涙の玉のをとぞなりける
1269,つらゆき_842,おもひに侍りけるとしの秋、山でらへまかりけるみ
1270,つらゆき_842,ちにてよめる
1271,_843,おもひに侍りける人をとぶらひにまかりてよめる
1272,よみ人しらず_844,女のおやのおもひにて山でらに侍りけるを、ある人
1273,よみ人しらず_844,のとぶらひつかはせりければ、返事によめる
1274,たかむらの朝臣_845,諒闇の年池のほとりの花を見てよめる
1275,たかむらの朝臣_845,水のおもにしづく花の色さやかにも君がみかげのおもほゆるかな
1276,文屋やすひで_846,深草のみかどの御国忌の日よめる
1277,文屋やすひで_846,草ふかき霞の谷に影かくしてるひのくれしけふにやはあらぬ
1278,僧正偏昭_847,ふかくさのみかどの御時に、蔵人頭にてよるひるな
1279,僧正偏昭_847,れつかうまつりけるを、諒闇になりにければ、さらに世にもまじらずしてひえの山にの
1280,僧正偏昭_847,ぼりてかしらおろしてけり、その又のとし、みなひと御ぶくぬぎて、あるはかうぶりた
1281,僧正偏昭_847,まはりなどよろこびけるをききてよめる
1282,近院右のおほいまうちぎみ_848,河原のおほいまうちぎみの身まかりての秋、かの家
1283,近院右のおほいまうちぎみ_848,のほとりをまかりけるに、もみぢのいろまだふかくもならざりけるを見てよみていれた
1284,近院右のおほいまうちぎみ_848,りける
1285,つらゆき_849,藤原たかつねの朝臣の身まかりての又のとしの夏、
1286,つらゆき_849,ほととぎすのなきけるをききてよめる
1287,きのもちゆき_850,さくらをうゑてありけるに、やうやく花さきぬべき
1288,きのもちゆき_850,時に、かのうゑける人身まかりにければ、その花を見てよめる
1289,つらゆき_851,あるじ身まかりにける人の家の梅花を見てよめる
1290,みはるのありすけ_853,藤原のとしもとの朝臣の右近中将にてすみ侍りける
1291,みはるのありすけ_853,ざうしの、身まかりてのち人もすまずなりにけるを、秋の夜ふけてものよりまうできけ
1292,みはるのありすけ_853,るついでに見いれければ、もとありしせんざいもいとしげくあれたりけるを見て、はや
1293,みはるのありすけ_853,くそこに侍りければむかしを思ひやりてよみける
1294,とものり_854,これたかのみこの、ちちの侍りけむ時によめりけむ
1295,とものり_854,うたどもとこひければ、かきておくりけるおくによみてかけりける
1296,よみ人しらず_855,題しらず
1297,よみ人しらず_855,なき人のやどにかよはば郭公かけてねにのみなくとつげなむ
1298,_856,誰見よと花さけるらむ白雲のたつのとはやくなりにし物を
1299,_857,式部卿のみこ閑院の五のみこにすみわたりけるを、
1300,_857,いくばくもあらで女みこの身まかりにける時に、かのみこすみける帳のかたびらのひも
1301,_857,にふみをゆひつけたりけるをとりて見れば、むかしのてにてこのうたをなむかきつけた
1302,_857,りける
1303,よみ人しらず_858,をとこの人のくににまかれりけるまに、女にはかに
1304,よみ人しらず_858,やまひをして、いとよわくなりにける時よみおきて身まかりにける
1305,大江千里_859,やまひにわづらひ侍りける秋、心地のたのもしげな
1306,大江千里_859,くおぼえければよみて人のもとにつかはしける
1307,藤原これもと_860,身まかりなむとてよめる
1308,藤原これもと_860,つゆをなどあだなる物と思ひけむわが身も草におかぬばかりを
1309,なりひらの朝臣_861,やまひしてよわくなりにける時よめる
1310,なりひらの朝臣_861,つひにゆくみちとはかねてききしかどきのふけふとはおもはざりしを
1311,在原しげはる_862,かひのくににあひしりて侍りける人とぶらはむとて
1312,在原しげはる_862,まかりけるを、みち中にてにはかにやまひをして、いまいまとなりにければ、よみて京
1313,在原しげはる_862,にもてまかりて母に見せよといひて、人につけ侍りけるうた
1314,よみ人しらず_863,題しらず
1315,よみ人しらず_863,わがうへに露ぞおくなるあまの河をわたる舟のかいのしづくか
1316,_864,思ふどちまとゐせる夜は唐錦たたまくをしき物にぞありける
1317,_865,うれしきをなににつつまむ唐衣たもとゆたかにたてといはましを
1318,_866,限なき君がためにとをる花はときしもわかぬ物にぞ有りける
1319,_867,紫のひともとゆゑにむさしのの草はみながらあはれとぞ見る
1320,なりひらの朝臣_868,めのおとうとをもて侍りける人に、うへのきぬをお
1321,なりひらの朝臣_868,くるとてよみてやりける
1322,近院右のおほいまうちぎみ_869,大納言ふぢはらのくにつねの朝臣の、宰相より中納
1323,近院右のおほいまうちぎみ_869,言になりける時、そめぬうへのきぬあやをおくるとてよめる
1324,ふるのいまみち_870,いそのかみのなむまつが宮づかへもせでいその神と
1325,ふるのいまみち_870,いふ所にこもり侍りけるを、にはかにかうぶりたまはれりければ、よろこびいひつか
1326,ふるのいまみち_870,はすとてよみてつかはしける
1327,なりひらの朝臣_871,二条のきさきのまだ東宮のみやすんどころと申しけ
1328,なりひらの朝臣_871,る時に、おほはらのにまうでたまひける日よめる
1329,よしみねのむねさだ_872,五節のまひひめを見てよめる
1330,よしみねのむねさだ_872,あまつかぜ雲のかよひぢ吹きとぢよをとめのすがたしばしとどめむ
1331,河原の左のおほいまうちぎみ_873,五せちのあしたにかむざしのたまのおちたりけるを
1332,河原の左のおほいまうちぎみ_873,見て、たがならむととぶらひてよめる
1333,としゆきの朝臣_874,寛平御時うへのさぶらひに侍りけるをのこども、か
1334,としゆきの朝臣_874,めをもたせてきさいの宮の御方におほみきのおろしときこえにたてまつりたりけるを、
1335,としゆきの朝臣_874,くら人どもわらひて、かめをおまへにもていでてともかくもいはずなりにければ、つか
1336,としゆきの朝臣_874,ひのかへりきて、さなむありつるといひければ、くら人のなかにおくりける
1337,けむげいほうし_875,女どもの見てわらひければよめる
1338,けむげいほうし_875,かたちこそみ山がくれのくち木なれ心は花になさばなりなむ
1339,きのとものり_876,方たがへに人の家にまかれりける時に、あるじのき
1340,きのとものり_876,ぬをきせたりけるを、あしたにかへすとてよみける
1341,よみ人しらず_877,題しらず
1342,よみ人しらず_877,おそくいづる月にもあるかな葦引の山のあなたもをしむべらなり
1343,_878,わが心なぐさめかねつさらしなやをばすて山にてる月を見て
1344,なりひらの朝臣_879,おほかたは月をもめでじこれぞこのつもれば人のおいとなるもの
1345,きのつらゆき_880,月おもしろしとて凡河内躬恒がまうできたりけるに
1346,きのつらゆき_880,よめる
1347,_881,池に月の見えけるをよめる
1348,_881,ふたつなき物と思ひしをみなそこに山のはならでいづる月かげ
1349,よみ人しらず_882,題しらず
1350,よみ人しらず_882,あまの河雲のみをにてはやければひかりとどめず月ぞながるる
1351,_883,あかずして月のかくるる山本はあなたおもてぞこひしかりける
1352,なりひらの朝臣_884,これたかのみこのかりしけるともにまかりて、やど
1353,なりひらの朝臣_884,りにかへりて夜ひとよさけをのみ、物がたりをしけるに、十一日の月もかくれなむとし
1354,なりひらの朝臣_884,けるをりに、みこゑひてうちへいりなむとしければよみ侍りける
1355,あま敬信_885,田むらのみかどの御時に、斎院に侍りけるあきらけ
1356,あま敬信_885,いこのみこを、ははあやまちありといひて斎院をかへられむとしけるを、そのことやみ
1357,あま敬信_885,にければよめる
1358,よみ人しらず_886,題しらず
1359,よみ人しらず_886,いその神ふるからをののもとかしは本の心はわすられなくに
1360,_887,いにしへの野中のし水ぬるけれど本の心をしる人ぞくむ
1361,_888,いにしへのしづのをだまきいやしきもよきもさかりは有りし物なり
1362,_889,今こそあれ我も昔はをとこ山さかゆく時も有りこしものを
1363,_890,世中にふりぬる物はつのくにのながらのはしと我となりけり
1364,_891,ささのはにふりつむ雪のうれをおもみ本くだちゆくわがさかりはも
1365,_892,おほあらきのもりのした草おいぬれば駒もすさめずかる人もなし
1366,_893,かぞふればとまらぬ物を年といひてことしはいたくおいぞしにける
1367,_894,おしてるやなにはの水にやくしほのからくも我はおいにけるかな
1368,_895,おいらくのこむとしりせばかどさしてなしとこたへてあはざらましを
1369,_896,さかさまに年もゆかなむとりもあへずすぐるよはひやともにかへると
1370,_897,とりとむる物にしあらねば年月をあはれあなうとすぐしつるかな
1371,_898,とどめあへずむべもとしとはいはれけりしかもつれなくすぐるよはひ
1372,_898,か
1373,_899,鏡山いざ立ちよりて見てゆかむ年へぬる身はおいやしぬると
1374,_900,業平朝臣のははのみこ長岡にすみ侍りける時に、な
1375,_900,りひら宮づかへすとて、時時もえまかりとぶらはず侍りければ、しはすばかりにははの
1376,_900,みこのもとより、とみの事とてふみをもてまうできたり、あけて見ればことばはなくて
1377,_900,ありけるうた
1378,なりひらの朝臣_901,返し
1379,なりひらの朝臣_901,世中にさらぬ別のなくもがな千世もとなげく人のこのため
1380,在原むねやな_902,寛平御時きさいの宮の哥合のうた
1381,在原むねやな_902,白雪のやへふりしけるかへる山かへるがへるもおいにけるかな
1382,としゆきの朝臣_903,おなじ御時のうへのさぶらひにてをのこどもにおほ
1383,としゆきの朝臣_903,みきたまひて、おほみあそびありけるついでにつかうまつれる
1384,よみ人しらず_904,題しらず
1385,よみ人しらず_904,ちはやぶる宇治の橋守なれをしぞあはれとは思ふ年のへぬれば
1386,_905,我見てもひさしく成りぬ住の江の岸の姫松いくよへぬらむ
1387,_906,住吉の岸のひめ松人ならばいく世かへしととはましものを
1388,_907,梓弓いそべのこ松たが世にかよろづ世かねてたねをまきけむ
1389,_908,かくしつつ世をやつくさむ高砂のをのへにたてる松ならなくに
1390,藤原おきかぜ_909,誰をかもしる人にせむ高砂の松も昔の友ならなくに
1391,よみ人しらず_910,わたつ海のおきつしほあひにうかぶあわのきえぬ物からよる方もなし
1392,_911,わたつ海のかざしにさせる白砂の浪もてゆへる淡路しま山
1393,_912,わたの原よせくる浪のしばしばも見まくのほしき玉津島かも
1394,_913,なにはがたしほみちくらしあま衣たみのの島にたづなき渡る
1395,藤原ただふさ_914,貫之がいづみのくにに侍りける時に、やまとよりこ
1396,藤原ただふさ_914,えまうできてよみてつかはしける
1397,つらゆき_915,返し
1398,つらゆき_915,おきつ浪たかしのはまの浜松の名にこそ君をまちわたりつれ
1399,_916,なにはにまかれりける時よめる
1400,_916,なにはがたおふるたまもをかりそめのあまとぞ我はなりぬべらなる
1401,みぶのただみね_917,あひしれりける人の住吉にまうでけるによみてつか
1402,みぶのただみね_917,はしける
1403,つらゆき_918,なにはへまかりける時、たみののしまにて雨にあひ
1404,つらゆき_918,てよめる
1405,_919,法皇にし河おはしましたりける日、つるすにたてり
1406,_919,といふことを題にてよませたまひける
1407,伊勢_920,中務のみこの家の池に舟をつくりておろしはじめて
1408,伊勢_920,あそびける日、法皇御覧じにおはしましたりけり、ゆふさりつかたかへりおはしまさむ
1409,伊勢_920,としけるをりによみてたてまつりける
1410,真せいほうし_921,からことといふ所にてよめる
1411,真せいほうし_921,宮こまでひびきかよへるからことは浪のをすげて風ぞひきける
1412,在原行平朝臣_922,ぬのびきのたきにてよめる
1413,在原行平朝臣_922,こきちらす滝の白玉ひろひおきて世のうき時の涙にぞかる
1414,なりひらの朝諏_923,布引の滝の本にて人人あつまりて哥よみける時によ
1415,なりひらの朝諏_923,める
1416,承均法師_924,よしののたきを見てよめる
1417,承均法師_924,たがためにひきてさらせるぬのなれや世をへて見れどとる人もなき
1418,神たい法し_925,題しらず
1419,神たい法し_925,きよたきのせぜのしらいとくりためて山わけ衣おりてきましを
1420,伊勢_926,竜門にまうでてたきのもとにてよめる
1421,伊勢_926,たちぬはぬきぬきし人もなき物をなに山姫のぬのさらすらむ
1422,たちばなのながもり_927,朱雀院のみかどぬのびきのたき御覧ぜむとてふん月
1423,たちばなのながもり_927,のなぬかの日あはしましてありける時に、さぶらふ人人に哥よませたまひけるによめる
1424,ただみね_928,ひえの山なるおとはのたきを見てよめる
1425,ただみね_928,おちたぎつたきのみなかみとしつもりおいにけらしなくろきすぢなし
1426,みつね_929,おなじたきをよめる
1427,みつね_929,風ふけど所もさらぬ白雲はよをへておつる水にぞ有りける
1428,三条の町_930,田むらの御時に女房のさぶらひにて御屏風のゑ御覧
1429,三条の町_930,じけるに、たきおちたりける所おもしろし、これを題にてうたよめとさぶらふ人におほ
1430,三条の町_930,せられければよめる
1431,つらゆき_931,屏風のゑなる花をよめる
1432,つらゆき_931,さきそめし時よりのちはうちはへて世は春なれや色のつねなる
1433,坂上これのり_932,屏風のゑによみあはせてかきける
1434,坂上これのり_932,かりてほす山田のいねのきたれてなきこそわたれ秋のうければ
1435,読人しらず_933,題しらず
1436,読人しらず_933,世中はなにかつねなるあすかがはきのふのふちぞけふはせになる
1437,_934,いく世しもあらじわが身をなぞもかくあまのかるもに思ひみだるる
1438,_935,雁のくる峯の朝霧はれずのみ思ひつきせぬ世中のうさ
1439,小野たかむらの朝臣_936,しかりとてそむかれなくに事しあればまづなげかれぬあなう世中
1440,をののさだき_937,かひのかみに侍りける時、京へまかりのぼりける人
1441,をののさだき_937,につかはしける
1442,小野小町_938,文屋のやすひでみかはのぞうになりて、あがた見に
1443,小野小町_938,はえいでたたじやといひやれりける返事によめる
1444,_939,題しらず
1445,_939,あはれてふ事こそうたて世中を思ひはなれぬほだしなりけれ
1446,よみ人しらず_940,あはれてふ事のはごとにおくつゆは昔をこふる涙なりけり
1447,_941,世中のうきもつらきもつげなくにまづしる物はなみだなりけり
1448,_942,世中は夢かうつつかうつつとも夢ともしらず有りてなければ
1449,_943,よのなかにいづらわが身のありてなしあはれとやいはむあなうとやい
1450,_943,はむ
1451,_944,山里は物の惨慄き事こそあれ世のうきよりはすみよかりけり
1452,これたかのみこ_945,白雲のたえずたなびく岑にだにすめばすみぬる世にこそ有りけれ
1453,ふるのいまみち_946,しりにけむききてもいとへ世中は浪のさわぎに風ぞしくめる
1454,そせい_947,いづこにか世をばいとはむ心こそのにも山にもまどふべらなれ
1455,よみ人しらず_948,世中は昔よりやはうかりけむわが身ひとつのためになれるか
1456,_949,世中をいとふ山べの草木とやあなうの花の色にいでにけむ
1457,_950,みよしのの山のあなたにやどもがな世のうき時のかくれがにせむ
1458,_951,世にふればうさこそまされみよしののいはのかけみちふみならしてむ
1459,_952,いかならむ巌の中にすまばかは世のうき事のきこえこざらむ
1460,_953,葦引の山のまにまにかくれなむうき世中はあるかひもなし
1461,_954,世中のうけくにあきぬ奥山のこのはにふれる雪やけなまし
1462,もののべのよしな_955,おなじもじなきうた
1463,もののべのよしな_955,よのうきめ見えぬ山ぢへいらむにはおもふ人こそほだしなりけれ
1464,凡河内みつね_956,山のほうしのもとへつかはしける
1465,凡河内みつね_956,世をすてて山にいる人山にても猶うき時はいづちゆくらむ
1466,_957,物思ひける時、いときなきこを見てよめる
1467,_957,今更になにおひいづらむ竹のこのうきふししげき世とはしらずや
1468,よみ人しらず_958,題しらず
1469,よみ人しらず_958,世にふれば事のはしげきくれ竹のうきふしごとに鶯ぞなく
1470,_959,木にもあらず草にもあらぬ竹のよのはしにわが身はなりぬべらなり
1471,_960,わが身からうき世中となづけつつ人のためさへかなしかるらむ
1472,たかむらの朝臣_961,おきのくににながされて侍りける時によめる
1473,たかむらの朝臣_961,思ひきやひなのわかれにおとろへてあまのなはたきいさりせむとは
1474,在原行平朝臣_962,田むらの御時に、事にあたりてつのくにのすまとい
1475,在原行平朝臣_962,ふ所にこもり侍りけるに、宮のうちに侍りける人につかはしける
1476,をののはるかぜ_963,左近将監とけて侍りける時に、女のとぶらひにおこ
1477,をののはるかぜ_963,せたりける返事によみてつかはしける
1478,平さだふん_964,つかさとけて侍りける時よめる
1479,平さだふん_964,うき世にはかどさせりとも見えなくになどかわが身のいでがてにする
1480,_965,有りはてぬいのちまつまのほどばかりうきことしげくおもはずもがな
1481,みやぢのきよき_966,みこの宮のたちはきに侍りけるを、宮づかへつかう
1482,みやぢのきよき_966,まつらずとてとけて侍りける時によめる
1483,清原深養父_967,時なりける人の、にはかに時なくなりてなげくを
1484,清原深養父_967,見て、みづからのなげきもなくよろこびもなきことを思ひてよめる
1485,伊勢_968,かつらに侍りける時に、七条の中宮のとはせ給へり
1486,伊勢_968,ける御返事にたてまつれりける
1487,なりひらの朝臣_969,紀のとしさだが阿波のすけにまかりける時に、むま
1488,なりひらの朝臣_969,のはなむけせむとて、けふといひおくれりける時に、ここかしこにまかりありきて夜ふ
1489,なりひらの朝臣_969,くるまで見えざりければつかはしける
1490,_970,惟喬のみこのもとにまかりかよひけるを、かしらお
1491,_970,ろしてをのといふ所に侍りけるに、正月にとぶらはむとてまかりたりけるに、ひえの山
1492,_970,のふもとなりければ雪いとふかかりけり、しひてかのむろにまかりいたりてをがみける
1493,_970,に、つれづれとしていと物がなしくて、かへりまうできてよみておくりける
1494,_971,深草のさとにすみ侍りて京へまうでくとて、そこな
1495,_971,りける人によみておくりける
1496,よみ人しらず_972,返し
1497,よみ人しらず_972,野とならばうづらとなきて年はへむかりにだにやは君がこざらむ
1498,_973,題しらず
1499,_973,我を君なにはの浦に有りしかばうきめをみつのあまとなりにき
1500,_974,返し
1501,_974,なにはがたうらむべきまもおもほえずいづこを見つのあまとかはなる
1502,_975,今更にとふべき人もおもほえずやへむぐらしてかどさせりてへ
1503,みつね_976,ともだちのひさしうまうでこざりけるもとによみ
1504,みつね_976,てつかはしける
1505,_977,人をとはでひさしうありけるをりにあひうらみけれ
1506,_977,ばよめる
1507,_978,むねをかのおほよりがこしよりまうできたりける時
1508,_978,に、雪のふりけるを見て、おのがおもひはこのゆきのごとくなむつもれるといひけるを
1509,_978,りによめる
1510,宗岳大頼_979,返し
1511,宗岳大頼_979,君をのみ思ひこしぢのしら山はいつかは雪のきゆる時ある
1512,きのつらゆき_980,こしなりける人につかはしける
1513,きのつらゆき_980,思ひやるこしの白山しらねどもひと夜も夢にこえぬよぞなき
1514,よみ人しらず_981,題しらず
1515,よみ人しらず_981,いざここにわが世はへなむ菅原や伏見の里のあれまくもをし
1516,_982,わがいほはみわの山もとこひしくはとぶらひきませすぎたてるかど
1517,きせんほうし_983,わがいほは宮このたつみしかぞすむ世をうぢ山と人はいふなり
1518,よみ人しらず_984,あれにけりあはれいくよのやどなれやすみけむ人のおとづれもせぬ
1519,よしみねのむねさだ_985,ならへまかりける時に、あれたる家に女の琴ひきけ
1520,よしみねのむねさだ_985,るをききてよみていれたりける
1521,二条_986,はつせにまうづる道に、ならの京にやどれりける時
1522,二条_986,よめる
1523,よみ人しらず_987,題しらず
1524,よみ人しらず_987,世中はいづれかさしてわがならむ行きとまるをぞやどとさだむる
1525,_988,相坂の嵐のかぜはさむけれどゆくへしらねばわびつつぞぬる
1526,_989,風のうへにありかさだめぬちりの身はゆくへもしらずなりぬべらなり
1527,伊勢_990,家をうりてよめる
1528,伊勢_990,あすかがはふちにもあらぬわがやどもせにかはりゆく物にぞ有りける
1529,きのとものり_991,つくしに侍りける時にまかりかよひつつごうちける
1530,きのとものり_991,人のもとに、京にかへりまうできてつかはしける
1531,みちのく_992,女ともだちと物がたりしてわかれてのちにつかはし
1532,みちのく_992,ける
1533,ふぢはらのただふさ_993,寛平御時にもろこしのはう官にめされて侍りける時
1534,ふぢはらのただふさ_993,に、東宮のさぶらひにてをのこどもさけたうべけるついでによみ侍りける
1535,よみ人しらず_994,題しらず
1536,よみ人しらず_994,風ふけばおきつ白浪たつた山よはにや君がひとりこゆらむ
1537,_995,たがみそぎゆふつけ鳥か唐衣たつたの山にをりはへてなく
1538,_996,わすられむ時しのべとぞ浜千鳥ゆくへもしらぬあとをとどむる
1539,文屋ありすゑ_997,貞観御時、万葉集はいつばかりつくれるぞととはせ
1540,文屋ありすゑ_997,給ひければよみてたてまつりける
1541,大江千里_998,寛平御時哥たてまつりけるついでにたてまつりける
1542,ふぢはらのかちおむ_999,ひとしれず思ふ心は春霞たちいでてきみがめにも見えなむ
1543,伊勢_1000,哥めしける時にたてまつるとてよみて、おくに
1544,伊勢_1000,かきつけてたてまつりける
1545,よみ人しらず_1001,題しらず
1546,よみ人しらず_1001,あふことのまれなるいろにおもひそめわが身はつねにあまぐものはるる時なくふじのねのもえつつとはにおもへどもあふことかたしなにしかも人をうらみむわたつみのおきをふかめておもひてしおもひはいまはいたづらになりぬべらなりゆく水のたゆる時なくかくなわにおもひみだれてふるゆきの    けなばけぬべく    おもへども    えぶの身なればなほやまずおもひはふかしあしひきの山した水のこがくれてたぎつ心をたれにかもあひかたらはむいろにいでば人しりぬべみすみぞめのゆふべになればひとりゐてあはれあはれとなげきあまりせむすべなみににはにいでてたちやすらへばしろたへの衣のそでにおくつゆのけなばけぬべくおもへどもなほなげかれぬはるがすみよそにも人にあはむとおもへば
1547,_1002,ふるうたたてまつりし時のもくろくの、そのながう
1548,_1002,た
1549,壬生忠岑_1003,ふるうたにくはへてたてまつれるながうた
1550,壬生忠岑_1003,くれ竹の世世のふることなかりせばいかほのぬまのいかにして思ふ心をのばへましあはれむかしべありきてふ人まろこそはうれしけれ身はしもながらことのはをあまつそらまできこえあげすゑのよまでのあととなし今もおほせのくだれるはちりにつげとやちりの身につもれる事をとはるらむこれをおもへばけだもののくもにほえけむ心地してちぢのなさけもおもほえずひとつ心ぞほこらしきかくはあれどもてるひかりちかきまもりの身なりしをたれかは秋のくる方にあざむきいでてみかきよりとのへもる身のみかきもりをさをさしくもおもほえずここのかさねのなかにてはあらしの風もきかざりき今はの山しちかければ春は霞にたなびかれ夏はうつせみなきくらし秋は時雨に袖をかし冬はしもにぞせめらるるかかるわびしき身ながらにつもれるとしをしるせればいつつのむつになりにけりこれにそはれるわたくしのおいのかずさへやよければ身はいやしくて年たかきことのくるしさかくしつつながらのはしのながらへてなにはのうらにたつ浪の浪のしわにやおぼほれむさすがにいのちをしければこしのくになるしら山のかしらはしろくなりぬともおとはのたきのおとにきくおいずしなずのくすりがも君がやちよをわかえつつ見む
1551,_1004,君が世にあふさか山のいはし水こがくれたりと思ひけるかな
1552,凡河内躬恒_1005,冬のなかうた
1553,凡河内躬恒_1005,ちはやぶら神な月とやけさよりはくもりもあへずはつ時雨紅葉とともにふるさとのよしのの山の山あらしもさむく日ごとになりゆけばたまのをとけてこきちらしあられみだれてしも氷いやかたまれるにはのおもにむらむら見ゆる冬草のうへにふりしく白雪のつもりつもりてあらたまのとしをあまたもすぐしつるかな
1554,伊勢_1006,七条のきさきうせたまひにけるのちによみける
1555,伊勢_1006,おきつなみあれのみまさる宮のうちはとしへてすみしいせのあまも舟ながしたる心地してよらむ方なくかなしきに涙の色のくれなゐは我らがなかの時雨にて秋のもみぢと人人はおのがちりぢりわかれなばたのむかげなくなりはててとまる物とは花すすききみなき庭にむれたちてそらをまねかばはつかりのなき渡りつつよそにこそ見め
1556,よみ人しらず_1007,題しらず
1557,よみ人しらず_1007,うちわたすをち方人に物まうすわれそのそこにしろくさけるはなにの花ぞも
1558,_1008,返し
1559,_1008,春さればのべにまづさく見れどあかぬ花まひなしにただなのるべき花のななれや
1560,_1009,題しらず
1561,_1009,はつせ河ふるかはのべにふたもとあるすぎ年をへて又もあひ見むふたもとあるすぎ
1562,つらゆき_1010,きみがさすみかさの山のもみぢばのいろ神な月しぐれのあめのそめるなりけり
1563,よみ人しらず_1011,題しらず
1564,よみ人しらず_1011,梅花見にこそきつれ鶯の人く人くといとひしもをる
1565,素性法師_1012,山吹の花色衣ぬしやたれとへどこたへずくちなしにして
1566,藤原敏行朝臣_1013,いくばくの田をつくればか郭公しでのたをさをあさなあさなよぶ
1567,藤原かねすけの朝臣_1014,七月六日たなばたの心をよみける
1568,藤原かねすけの朝臣_1014,いつしかとまたく心をはぎにあげてあまのかはらをけふやわたらむ
1569,凡河内みつね_1015,題しらず
1570,凡河内みつね_1015,むつごともまだつきなくにあけぬめりいづらは秋のながしてふよは
1571,僧正へんぜう_1016,秋ののになまめきたてるをみなへしあなかしかまし花もひと時
1572,よみ人しらず_1017,あきくればのべにたはるる女郎花いづれの人かつまで見るべき
1573,_1018,秋ぎりのはれてくもればをみなへし花のすがたぞ見えかくれする
1574,_1019,花と見てをらむとすればをみなへしうたたあるさまの名にこそ有りけれ
1575,在原むねやな_1020,寛平御時きさいの宮の哥合のうた
1576,在原むねやな_1020,秋風にほころびぬらしふぢばかまつづりさせてふ蟋蟀なく
1577,清原ふかやぶ_1021,あすはるたたむとしける日、となりの家のかたより
1578,清原ふかやぶ_1021,風の雪をふきこしけるを見て、そのとなりへよみてつかはしける
1579,よみ人しらず_1022,題しらず
1580,よみ人しらず_1022,いその神ふりにしこひの神さびてたたるに我はいぞねかねつる
1581,_1023,枕よりあとよりこひのせめくればせむ方なみぞとこなかにをる
1582,_1024,こひしきが方も方こそ有りときけたてれをれどもなき心ちかな
1583,_1025,ありぬやと心見がてらあひ見ねばたはぶれにくきまでぞこひしき
1584,_1026,みみなしの山のくちなしえてしかな思ひの色のしたぞめにせむ
1585,_1027,葦引の山田のそほづおのれさへ我をほしてふうれはしきこと
1586,きのめのと_1028,ふじのねのならぬおもひにもえばもえ神だにけたぬむなしけぶりを
1587,きのありとも_1029,あひ見まく星はかずなく有りながら人に月なみ迷ひこそすれ
1588,小野小町_1030,人にあはむ月のなきには思ひおきてむねはしり火に心やけをり
1589,藤原おきかぜ_1031,寛平御時きさいの宮の哥合のうた
1590,藤原おきかぜ_1031,春霞たなびくのべのわかなにもなり見てしかな人もつむやと
1591,よみ人しらず_1032,題しらず
1592,よみ人しらず_1032,おもへども猶うとまれぬ春霞かからぬ山もあらじとおもへば
1593,平貞文_1033,春の野のしげき草ばのつまごひにとびたつきじのほろろとぞなく
1594,きのよしひと_1034,秋ののにつまなきしかの年をへてなぞわがこひのかひよとぞなく
1595,みつね_1035,蝉の羽のひとへにうすき夏衣なればよりなむ物にやはあらぬ
1596,ただみね_1036,かくれぬのしたよりおふるねぬなはのねぬなはたてじくるないとひそ
1597,よみ人しらず_1037,ことならば思はずとやはいひはてぬなぞ世中のたまだすきなる
1598,_1038,おもふてふ人の心のくまごとににたちかくれつつ見るよしもがな
1599,_1039,思へどもおもはずとのみいふなればいなやおもはじ思ふかひなし
1600,_1040,我をのみ思ふといはばあるべきをいでや心はおほぬさにして
1601,_1041,われを思ふ人をおもはぬむくいにやわが思ふ人の我をおもはぬ
1602,ふかやぶ_1042,思ひけむ人をぞともにおもはましまさしやむくいなかりけりやは
1603,よみ人しらず_1043,いでてゆかむ人をとどめむよしなきにとなりの方にはなもひぬかな
1604,_1044,紅にそめし心もたのまれず人をあくにはうつるてふなり
1605,_1045,いとはるるわが身ははるのこまなれやのがひがてらにはなちすてつゝ
1606,_1046,鶯のこぞのやどりのふるすとや我には人のつれなかるらむ
1607,_1047,さかしらに夏は人まねささのはのさやぐしもよをわがひとりぬる
1608,平中興_1048,逢ふ事の今ははつかになりぬれば夜ふかからでは月なかりけり
1609,左のおほいまうちぎみ_1049,もろこしのよしのの山にこもるともおくれむと思ふ我ならなくに
1610,なかき_1050,雲はれぬあさまの山のあさましや人の心を見てこそやまめ
1611,伊勢_1051,なにはなるながらのはしもつくるなり今はわが身をなににたとへむ
1612,よみ人しらず_1052,まめなれどなにぞはよけくかるかやのみだれてあれどあしけくもなし
1613,おきかぜ_1053,なにかその名の立つ事のをしからむしりてまどふは我ひとりかは
1614,くそ_1054,いとこなりけるをとこによそへて人のいひければ
1615,さぬき_1055,題しらず
1616,さぬき_1055,ねぎ事をさのみききけむやしろこそはてはなげきのもりとなるらめ
1617,大輔_1056,なげきこる山としたかくなりぬればつらづゑのみぞまづつかれける
1618,よみ人しらず_1057,なげきをばこりのみつみてあしひきの山のかひなくなりぬべらなり
1619,_1058,人こふる事をおもにとになひもてあふごなきこそわびしかりけれ
1620,_1059,よひのまにいでていりぬるみか月のわれて物思ふころにもあるかな
1621,_1060,そゑにとてとすればかかりかくすればあないひしらずあふさきるさに
1622,_1061,世中のうきたびごとに身をなげばふかき谷こそあさくなりなめ
1623,在原元方_1062,よのなかはいかにくるしと思ふらむここらの人にうらみらるれば
1624,よみ人しらず_1063,なにをして身のいたづらにおいぬらむ年のおもはむ事ぞやさしき
1625,おきかぜ_1064,身はすてつ心をだにもはふらさじつひにはいかがなるとしるべく
1626,千さと_1065,白雪の友にわが身はふりぬれど心はきえぬ物にぞありける
1627,よみ人しらず_1066,題しらず
1628,よみ人しらず_1066,梅花さきてののちの身なればやすき物とのみ人のいふらむ
1629,みつね_1067,法星にし河におはしましたりける日、さる山のかひ
1630,みつね_1067,にさけぶといふことを題にてよませたまうける
1631,よみ人しらず_1068,題しらず
1632,よみ人しらず_1068,世をいとひこのもとごとにたちよりてうつぶしぞめのあさのきぬなり
1633,_1069,おほなのびのうた
1634,_1069,あたらしき年の始にかくしこそちとせをかねてたのしきをつめ
1635,_1070,ふるきやまとまひのうた
1636,_1070,しもとゆふかづらき山にふる雪のまなく時なくおもほゆるかな
1637,_1071,あふみぶり
1638,_1071,近江よりあさたちくればうねののにたづぞなくなるあけぬこのよは
1639,_1072,みづくきぶり
1640,_1072,水くきのをかのやかたにいもとあれとねてのあさけのしものふりはも
1641,_1073,しはつ山ぶり
1642,_1073,しはつ山うちいでて見ればかさゆひのしまこぎかくるたななしをぶね
1643,_1074,とりもののうた
1644,_1074,神がきのみむろの山のさかきばは神のみまへにしげりあひにけり
1645,_1075,しもやたびおけどかれせぬさかきばのたちさかゆべき神のきねかも
1646,_1076,まきもくのあなしの山の山人と人も見るがに山かづらせよ
1647,_1077,み山にはあられふるらしとやまなるまさきのかづらいろづきにけり
1648,_1078,みちのくのあだちのまゆみわがひかばすゑさへよりこしのびしのびに
1649,_1079,わがかどのいたゐのし水さととほみ人しくまねばみくさおひにけり
1650,_1080,ひるめのうた
1651,_1080,ささのくまひのくま河にこまとめてしばし水かへかげをだに見む
1652,_1081,かへしもののうた
1653,_1081,あをやぎをかたいとによりて鶯のぬふてふ笠は梅の花がさ
1654,_1082,まがねふくきびの中山おびにせるほそたに河のおとのさやけさ
1655,_1083,美作やくめのさら山さらさらにわがなはたてじよろづよまでに
1656,_1084,みののくに関のふぢ河たえずして君につかへむよろづよまでに
1657,_1085,きみが世は限もあらじながはまのまさごのかずはよみつくすとも
1658,大伴くろぬし_1086,近江のやかがみの山をたてたればかねてぞ見ゆる君がちとせは
1659,_1087,みちのくのうた
1660,_1087,あぶくまに霧立ちくもりあけぬとも君をばやらじまてばすべなし
1661,_1088,みちのくはいづくはあれどしほがまの浦こぐ舟のつなでかなしも
1662,_1089,わがせこを宮こにやりてしほがまのまがきのしまの松ぞこひしき
1663,_1090,をぐろさきみつのこじまの人ならば宮このつとにいざといはましを
1664,_1091,みさぶらひみかさと申せ宮木ののこのしたつゆはあめにまされり
1665,_1092,もがみ河のぼればくだるいな舟のいなにはあらずこの月ばかり
1666,_1093,君をおきてあだし心をわがもたばすゑの松山浪もこえなむ
1667,_1094,さがみうた
1668,_1094,こよろぎのいそたちならしいそなつむめざしぬらすなおきにをれ浪
1669,_1095,ひたちうた
1670,_1095,つくばねのこのもかのもに影はあれど君がみかげにますかげはなし
1671,_1096,つくばねの峯のもみぢばおちつもりしるもしらぬもなべてかなしも
1672,_1097,かひうた
1673,_1097,かひがねをさやにも見しがけけれなくよこほりふせるさやの中山
1674,_1098,かひがねをねこし山こし吹く風を人にもがもや事づてやらむ
1675,_1099,伊勢うた
1676,_1099,をふのうらにかたえさしおほひなるなしのなりもならずもねてかたら
1677,_1099,はむ
1678,藤原敏行朝臣_1100,冬の賀茂のまつりのうた
1679,藤原敏行朝臣_1100,ちはやぶるかものやしろのひめこまつよろづ世ふともいろはかはらじ
1680,_1101,ひぐらし
1681,_1101,そま人は宮木ひくらしあしひきの山の山びこよびとよむなり
1682,勝臣_1102,かけりてもなにをかたまのきても見むからはほのほとなりにしものを
1683,つらゆき_1103,くれのおも
1684,つらゆき_1103,こし時とこひつつをればゆふぐれのおもかげにのみ見えわたるかな
1685,をののこまち_1104,おきのゐ、みやこじま
1686,をののこまち_1104,おきのゐて身をやくよりもかなしきは宮こしまべのわかれなりけり
1687,あやもち_1105,そめどの、あはた
1688,あやもち_1105,うきめをばよそめとのみぞのがれゆく雲のあはたつ山のふもとに
1689,_1106,奥菅の根しのぎふる雪、下
1690,_1106,けふ人をこふる心は大井河ながるる水におとらざりけり
1691,_1107,わぎもこにあふさか山のしのすすきほにはいでずもこひわたるかな
1692,_1108,こひしくはしたにを思へ紫の、下
1693,_1108,いぬがみのとこの山なるなとり河いさとこたへよわがなもらすな
1694,うねめのたてまつれる_1109,返し
1695,うねめのたてまつれる_1109,山しなのおとはのたきのおとにのみ人のしるべくわがこひめやも
1696,_1110,思ふてふことのはのみや秋をへて、下
1697,_1110,そとほりひめのひとりゐてみかどをこひたてまつりて
1698,つらゆき_1111,深養父、こひしとはたがなづけけむ事ならむ、下
1699,つらゆき_1111,みちしらばつみにもゆかむすみのえの岸におふてふこひわすれぐさ
