,title,text
0,在原元方_1,"ふるとしに春たちける日よめる
としのうちに春はきにけりひととせをこぞとやいはむことしとやいはむ"
1,紀貫之_2,"はるたちける日よめる
袖ひちてむすびし水のこほれるを春立つけふの風やとくらむ"
2,よみ人しらず_3,"題しらず
春霞たてるやいづこみよしののよしのの山に雪はふりつつ"
3,_4,"二条のきさきのはるのはじめの御うた
雪の内に春はきにけりうぐひすのこほれる涙今やとくらむ"
4,よみ人しらず_5,"題しらず
梅がえにきゐるうぐひすはるかけてなけどもいまだ雪はふりつつ"
5,素性法師_6,"雪の木にふりかかれるをよめる
春立てば花とや見らむ白雪のかかれる枝にうぐひすぞなく"
6,よみ人しらず_7,"題しらず
心ざしふかくそめてし折りければきえあへぬ雪の花と見ゆらむ"
7,文屋やすひで_8,"二条のきさきのとう宮のみやすんどころときこえけ   
る時、正月三日おまへにめして、おほせごとあるあひだに、日はてりながら雪のかしら   
にふりかかりけるをよませ給ひける"
8,きのつらゆき_9,"ゆきのふりけるをよめる
霞たちこのめもはるの雪ふれば花なきさとも花ぞちりける"
9,ふぢはらのことなほ_10,"春のはじめによめる
はるやとき花やおそきとききわかむ鶯だにもなかずもあるかな"
10,みぶのただみね_11,"はるのはじめのうた
春きぬと人はいへどもうぐひすのなかぬかぎりはあらじとぞ思ふ"
11,源まさずみ_12,"寛平御時きさいの宮のうたあはせのうた
谷風にとくるこほりのひまごとにうちいづる浪や春のはつ花"
12,紀とものり_13,花のかを風のたよりにたぐへてぞ鶯さそふしるべにはやる
13,大江千里_14,うぐひすの谷よりいづるこゑなくは春くることをたれかしらまし
14,在原棟梁_15,春たてど花もにほはぬ山ざとはものうかるねに鶯ぞなく
15,よみ人しらず_16,"題しらず
野辺ちかくいへゐしせればうぐひすのなくなるこゑはあさなあさなきく"
16,_17,かすがのはけふはなやきそわか草のつまもこもれり我もこもれり
17,_18,かすがののとぶひののもりいでて見よ今いくかありてわかなつみてむ
18,_19,み山には松の雪だにきえなくに宮こはのべのわかなつみけり
19,_20,梓弓おしてはるさめけふふりぬあすさへふらばわかなつみてむ
20,_21,"仁和のみかどみこにおましましける時に、人にわか   
なたまひける御うた"
21,つらゆき_22,哥たてまつれとおほせられし時よみてたてまつれる
22,在原行平朝臣_23,"題しらず
はるのきるかすみの衣ぬきをうすみ山風にこそみだるべらなれ"
23,源むねゆきの朝臣_24,"寛平御時きさいの宮の哥合によめる
ときはなる松のみどりも春くれば今ひとしほの色まさりけり"
24,つらゆき_25,"哥たてまつれとおほせられし時によみてたてまつれ   
る"
25,_26,あをやぎのいとよりかくる春しもぞみだれて花のほころびにける
26,僧正遍昭_27,"西大寺のほとりの柳をよめる
あさみどりいとよりかけてしらつゆをたまにもぬける春の柳か"
27,よみ人しらず_28,"題しらず
ももちどりさへづる春は物ごとにあらたまれども我ぞふり行く"
28,_29,をちこちのたづきもしらぬ山なかにおぼつかなくもよぶこどりかな
29,凡河内みつね_30,"かりのこゑをききてこしへまかりにける人を思ひて   
よめる"
30,伊勢_31,"帰雁をよめる
はるがすみたつを見すててゆくかりは花なきさとにすみやならへる"
31,よみ人しらず_32,"題しらず
折りつれば袖こそにほへ梅花有りとやここにうぐひすのなく"
32,_33,色よりもかこそあはれとおもほゆれたが袖ふれしやどの梅ぞも
33,_34,やどちかく梅の花うゑじあぢきなくまつ人のかにあやまたれけり
34,_35,梅花たちよるばかりありしより人のとがむるかにぞしみぬる
35,東三条の左のおほいまうちぎみ_36,"むめの花ををりてよめる
鶯の笠にぬふといふ梅花折りてかざさむおいかくるやと"
36,素性法師_37,"題しらず
よそにのみあはれとぞ見し梅花あかぬいろかは折りてなりけり"
37,とものり_38,"むめの花ををりて人におくりける
君ならで誰にか見せむ梅花色をもかをもしる人ぞしる"
38,つらゆき_39,"くらぶ山にてよめる
梅花にほふ春べはくらぶ山やみにこゆれどしるくぞ有りける"
39,みつね_40,"月夜に梅花ををりてと人のいひければ、をるとてよ   
める"
40,_41,"はるのよ梅花をよめる
春の夜のやみはあやなし梅花色こそ見えねかやはかくるる"
41,つらゆき_42,"はつせにまうづるごとにやどりける人の家に、ひさ   
しくやどらで、ほどへてのちにいたれりければ、かの家のあるじ、かくさだかになむや   
どりはあるといひいだして侍りければ、そこにたてりけるむめの花ををりてよめる"
42,伊勢_43,"水のほとりに梅花さけりけるをよめる
春ごとにながるる河を花と見てをられぬ水に袖やぬれなむ"
43,_44,年をへて花のかがみとなる水はちりかかるをやくもるといふらむ
44,つらゆき_45,"家にありける梅花のちりけるをよめる
くるとあくとめかれぬものを梅花いつの人まにうつろひぬらむ"
45,よみ人しらず_46,"寛平御時きさいの宮の哥合のうた
梅がかをそでにうつしてとどめてば春はすぐともかたみならまし"
46,素性法師_47,ちると見てあるべきものを梅花うたてにほひのそでにとまれる
47,よみ人しらず_48,"題しらず
ちりぬともかをだにのこせ梅花こひしき時のおもひいでにせむ"
48,つらゆき_49,"人の家にうゑたりけるさくらの花さきはじめたりけ   
るを見てよめる"
49,よみ人しらず_50,"題しらず
山たかみ人もすさめぬさくら花いたくなわびそ我見はやさむ"
50,_51,やまざくらわが見にくれば春霞峯にもをにもたちかくしつつ
51,さきのおほきおほいまうちぎみ_52,"そめどののきさきのおまへに花がめにさくらの花を   
ささせ給へるを見てよめる"
52,在原業平朝臣_53,"なぎさの院にてさくらを見てよめる
世中にたえてさくらのなかりせば春の心はのどけからまし"
53,よみ人しらず_54,"題しらず
いしばしるたきなくもがな桜花たをりてもこむ見ぬ人のため"
54,そせい法し_55,"山のさくらを見てよめる
見てのみや人にかたらむさくら花てごとにをりていへづとにせむ"
55,_56,"花ざかりに京を見やりてよめる
みわたせば柳桜をこきまぜて宮こぞ春の錦なりける"
56,きのとものり_57,"さくらの花のもとにて年のおいぬることをなげきて   
よめる"
57,つらゆき_58,"をれるさくらをよめる
たれしかもとめてをりつる春霞たちかくすらむ山のさくらを"
58,_59,"哥たてまつれとおほせられし時によみてたてまつれ   
る"
59,とものり_60,"寛平御時きさいの宮の哥合のうた
み吉野の山べにさけるさくら花雪かとのみぞあやまたれける"
60,伊勢_61,"やよひにうるふ月ありける年よみける
さくら花春くははれる年だにも人の心にあかれやはせぬ"
61,よみ人しらず_62,"さくらの花のさかりに、ひさしくとはざりける人の   
きたりける時によみける"
62,なりひらの朝臣_63,"返し
けふこずはあすは雪とぞふりなましきえずはありとも花と見ましや"
63,よみ人しらず_64,"題しらず
ちりぬればこふれどしるしなき物をけふこそさくらをらばをりてめ"
64,_65,をりとらばをしげにもあるか桜花いざやどかりてちるまでは見む
65,きのありとも_66,さくらいろに衣はふかくそめてきむ花のちりなむのちのかたみに
66,みつね_67,"さくらの花のさけりけるを見にまうできたりける人   
によみておくりける"
67,伊勢_68,"亭子院哥合の時よめる
見る人もなき山ざとのさくら花ほかのちりなむのちぞさかまし"
68,よみ人しらず_69,"題しらず
春霞たなびく山のさくら花うつろはむとや色かはりゆく"
69,_70,まてといふにちらでしとまる物ならばなにを桜に思ひまさまし
70,_71,のこりなくちるぞめでたき桜花ありて世中はてのうければ
71,_72,このさとにたびねしぬべしさくら花ちりのまがひにいへぢわすれて
72,_73,空蝉の世にもにたるか花ざくらさくと見しまにかつちりにけり
73,これたかのみこ_74,"僧正遍昭によみておくりける
さくら花ちらばちらなむちらずとてふるさと人のきても見なくに"
74,そうく法師_75,"雲林院にてさくらの花のちりけるを見てよめる
桜ちる花の所は春ながら雪ぞふりつつきえがてにする"
75,そせい法し_76,"さくらの花のちり侍りけるを見てよみける
花ちらす風のやどりはたれかしる我にをしへよ行きてうらみむ"
76,そうく法し_77,"うりむゐんにてさくらの花をよめる
いざさくら我もちりなむひとさかりありなば人にうきめ見えなむ"
77,つらゆき_78,"あひしれりける人のまうできてかへりにけるのちに   
よみて花にさしてつかはしける"
78,_79,"山のさくらを見てよめる
春霞なにかくすらむ桜花ちるまをだにも見るべき物を"
79,藤原よるかの朝臣_80,"心地そこなひてわづらひける時に、風にあたらじと   
ておろしこめてのみ侍りけるあひだに、をれるさくらのちりがたになれりけるを見てよ   
める"
80,すがのの高世_81,"東宮雅院にてさくらの花のみかは水にちりてながれ   
けるを見てよめる"
81,つらゆき_82,"さくらの花のちりけるをよみける
ごとならばさかずやはあらぬさくら花見る我さへにしづ心なし"
82,_83,"さくらのごととくちる物はなしと人のいひければよ   
める"
83,きのとものり_84,"桜の花のちるをよめる
久方のひかりのどけき春の日にしづ心なく花のちるらむ"
84,ふぢはらのよしかぜ_85,"春宮のたちはきのぢんにてさくらの花のちるをよめ   
る"
85,凡河内みつね_86,"さくらのちるをよめる
雪とのみふるだにあるをさくら花いかにちれとか風の吹くらむ"
86,つらゆき_87,"ひえにのぼりてかへりまうできてよめる
山たかみみつつわがこしさくら花風は心にまかすべらなり"
87,大伴くろぬし_88,"題しらず
春雨のふるは涙かさくら花ちるををしまぬ人しなければ"
88,つらゆき_89,"亭子院哥合哥
さくら花ちりぬる風のなごりには水なきそらに浪ぞたちける"
89,_90,"ならのみかどの御うた
ふるさととなりにしならのみやこにも色はかはらず花はさきけり"
90,よしみねのむねさだ_91,"はるのうたとてよめる
花の色はかすみにこめて見せずともかをだにぬすめ春の山かぜ"
91,そせい法し_92,"寛平御時きさいの宮の哥合のうた
はなの木も今はほりうゑじ春たてばうつろふ色に人ならひけり"
92,よみ人しらず_93,"題しらず
春の色のいたりいたらぬさとはあらじさけるさかざる花の見ゆらむ"
93,つらゆき_94,"はるのうたとてよめる
みわ山をしかもかくすか春霞人にしられぬ花やさくらむ"
94,そせい_95,"うりむゐんのみこのもとに、花見にきた山のほとり   
にまかれりける時によめる"
95,_96,"はるのうたとてよめる
いつまでか野辺に心のあくがれむ花しちらずは千世もへぬべし"
96,よみ人しらず_97,"題しらず
春ごとに花のさかりはありなめどあひ見む事はいのちなりけり"
97,_98,花のごと世のつねならばすぐしてし昔は又もかへりきなまし
98,_99,吹く風にあつらへつくる物ならばこのひともとはよぎよといはまし
99,_100,まつ人もこぬものゆゑにうぐひすのなきつる花ををりてけるかな
100,藤原おきかぜ_101,"寛平御時きさいの宮のうたあはせのうた
さく花は千くさながらにあだなれどたれかははるをうらみはてたる"
101,_102,春霞色のちくさに見えつるはたなびく山の花のかげかも
102,ありはらのもとかた_103,霞立つ春の山べはとほけれど吹きくる風は花のかぞする
103,みつね_104,"うつろへる花を見てよめる
花見れば心さへにぞうつりけるいろにはいでじ人もこそしれ"
104,よみ人しらず_105,"題しらず
鶯のなくのべごとにきて見ればうつろふ花に風ぞふきける"
105,_106,吹く風をなきてうらみよ鶯は我やは花に手だにふれたる
106,典侍洽子朝臣_107,ちる花のなくにしとまる物ならば我鶯におとらましやは
107,藤原のちかげ_108,"仁和の中将のみやすん所の家に哥合せむとてしける   
時によみける"
108,そせい_109,"うぐひすのなくをよめる
こづたへばおのがはかぜにちる花をたれにおほせてここらなくらむ"
109,みつね_110,"鶯の花の木にてなくをよめる
しるしなきねをもなくかなうぐひすのことしのみちる花ならなくに"
110,よみ人しらず_111,"題しらず
こまなめていざ見にゆかむふるさとは雪とのみこそ花はちるらめ"
111,_112,ちる花をなにかうらみむ世中にわが身もともにあらむ物かは
112,小野小町_113,花の色はうつりにけりないたづらにわが身世にふるながめせしまに
113,そせい_114,"仁和の中将のみやすん所の家に哥合せむとしける時   
によめる"
114,つらゆき_115,"しがの山ごえに女のおほくあへりけるに、よみてつ   
かはしける"
115,_116,"寛平御時きさいの宮の哥合のうた
春ののにわかなつまむとこしものをちりかふ花にみちはまどひぬ"
116,_117,"山でらにまうでたりけるによめる
やどりして春の山辺にねたる夜は夢の内にも花ぞちりける"
117,_118,"寛平御時きさいの宮の哥合のうた
吹く風と谷の水としなかりせばみ山がくれの花を見ましや"
118,僧正遍昭_119,"しがよりかへりけるをうなどもの花山にいりて   
ふぢの花のもとにたちよりてかへりけるに、よみておくりける"
119,みつね_120,"家にふぢの花のさけりけるを、人のたちとまりて見   
けるをよめる"
120,よみ人しらず_121,"題しらず
今もかもさきにほふらむ橘のこじまのさきの山吹の花"
121,_122,春雨ににほへる色もあかなくにかさへなつかし山吹の花
122,_123,山ぶきはあやななさきそ花見むとうゑけむ君がこよひこなくに
123,つらゆき_124,よしの河のほとりに山ぶきのさけりけるをよめる
124,よみ人しらず_125,"題しらず
かはづなくゐでの山吹ちりにけり花のさかりにあはまし物を"
125,そせい_126,"春の哥とてよめる
おもふどち春の山辺にうちむれてそこともいはぬたびねしてしか"
126,みつね_127,"はるのとくすぐるをよめる
あづさゆみ春たちしより年月のいるがごとくもおもほゆるかな"
127,つらゆき_128,"やよひにうぐひすのこゑのひさしうきこえざりける   
をよめる"
128,ふかやぶ_129,"やよひのつごもりがたに山をこえけるに、山河より   
花のながれけるをよめる"
129,もとかた_130,"はるををしみてよめる
をしめどもとどまらなくに春霞かへる道にしたちぬとおもへば"
130,おきかぜ_131,"寛平御時きさいの宮の哥合のうた
こゑたえずなけやうぐひすひととせにふたたびとだにくべき春かは"
131,みつね_132,"やよひのつごもりの日、花つみよりかへりける女   
どもを見てよめる"
132,なりひらの朝臣_133,"やよひのつごもりの日あめのふりけるに、ふぢの花   
ををりて人につかはしける"
133,みつね_134,"亭子院の哥合のはるのはてのうた
けふのみと春をおもはぬ時だにも立つことやすき花のかげかは"
134,よみ人しらず_135,"題しらず
わがやどの池の藤波さきにけり山郭公いつかきなかむ"
135,紀としさだ_136,"う月にさけるさくらを見てよめる
あはれてふ事をあまたにやらじとや春におくれてひとりさくらむ"
136,よみ人しらず_137,"題しらず
さ月まつ山郭公うちはぶき今もなかなむこぞのふるごゑ"
137,伊勢_138,五月こばなきもふりなむ郭公まだしきほどのこゑをきかばや
138,よみ人しらず_139,さつきまつ花橘のかをかげば昔の人の袖のかぞする
139,_140,いつのまにさ月きぬらむあしひきの山郭公今ぞなくなる
140,_141,けさきなきいまだたびなる郭公花たちばなにやどはからなむ
141,きのとものり_142,おとは山をこえける時に郭公のなくをききてよめる
142,そせい_143,"郭公のはじめてなきけるをききてよめる
郭公はつこゑきけばあぢきなくぬしさだまらぬこひせらるはた"
143,_144,"ならのいその神でらにて郭公のなくをよめる
いその神ふるき宮この郭公声ばかりこそむかしなりけれ"
144,よみ人しらず_145,"題しらず
夏山になく郭公心あらば物思ふ我に声なきかせそ"
145,_146,郭公なくこゑきけばわかれにしふるさとさへぞこひしかりける
146,_147,ほととぎすながなくさとのあまたあれば猶うとまれぬ思ふ物から
147,_148,思ひいづるときはの山の郭公唐紅のふりいでてぞなく
148,_149,声はして涙は見えぬ郭公わが衣手のひつをからなむ
149,_150,あしひきの山郭公をりはへてたれかまさるとねをのみぞなく
150,_151,今さらに山へかへるな郭公こゑのかぎりはわがやどになけ
151,みくにのまち_152,やよやまて山郭公事づてむ我世中にすみわびぬとよ
152,紀とものり_153,"寛平御時きさいの宮の哥合のうた
五月雨に物思ひをれば郭公夜ふかくなきていづちゆくらむ"
153,_154,夜やくらき道やまどへるほととぎすわがやどをしもすぎがてになく
154,大江千里_155,やどりせし花橘もかれなくになどほととぎすこゑたえぬらむ
155,きのつらゆき_156,夏の夜のふすかとすれば郭公なくひとこゑにあくるしののめ
156,みぶのただみね_157,くるるかと見ればあけぬるなつのよをあかずとやなく山郭公
157,紀秋岑_158,夏山にこひしき人やいりにけむ声ふりたててなく郭公
158,よみ人しらず_159,"題しらず
こぞの夏なきふるしてし郭公それかあらぬかこゑのかはらぬ"
159,つらゆき_160,"郭公のなくをききてよめる
五月雨のそらもとどろに郭公なにをうしとかよただなくらむ"
160,みつね_161,"さぶらひにてをのこどものさけたうべけるに、めし   
て郭公まつうたよめとありければよめる"
161,つらゆき_162,"山に郭公のなきけるをききてよめる
郭公人まつ山になくなれば我うちつけにこひまさりけり"
162,ただみね_163,"はやくすみける所にてほととぎすのなきけるを   
ききてよめる"
163,みつね_164,"郭公のなきけるをききてよめる
郭公我とはなしに卯花のうき世中になきわたるらむ"
164,僧正へんぜう_165,"はちすのつゆを見てよめる
はちすばのにごりにしまぬ心もてなにかはつゆを玉とあざむく"
165,深養父_166,月のおもしろかりける夜、あかつきがたによめる
166,みつね_167,"となりよりとこなつの花をこひにおこせたりけれ   
ば、をしみてこのうたをよみてつかはしける"
167,_168,"みな月のつごもりの日よめる
夏と秋と行きかふそらのかよひぢはかたへすずしき風やふくらむ"
168,藤原敏行朝臣_169,"秋立つ日よめる
あききぬとめにはさやかに見えねども風のおとにぞおどろかれぬる"
169,つらゆき_170,"秋たつ日、うへのをのこどもかものかはらにかはせ   
うえうしけるともにまかりてよめる"
170,よみ人しらず_171,"題しらず
わがせこが衣のすそを吹き返しうらめづらしき秋のはつ風"
171,_172,きのふこそさなへとりしかいつのまにいなばそよぎて秋風の吹く
172,_173,秋風の吹きにし日より久方のあまのかはらにたたぬ日はなし
173,_174,久方のあまのかはらのわたしもり君わたりなばかぢかくしてよ
174,_175,天河紅葉をはしにわたせばやたなばたつめの秋をしもまつ
175,_176,こひこひてあふ夜はこよひあまの河きり立ちわたりあけずもあらなむ
176,とものり_177,"寛平御時なぬかの夜、うへにさぶらふをのこども、   
哥たてまつれとおほせられける時に、人にかはりてよめる"
177,藤原おきかぜ_178,"おなじ御時きさいの宮の哥合のうた
契りけむ心ぞつらきたなばたの年にひとたびあふはあふかは"
178,凡河内みつね_179,"なぬかの日の夜よめる>
年ごとにあふとはすれどたなばたのぬるよのかずぞすくなかりける"
179,_180,織女にかしつる糸の打ちはへて年のをながくこひやわたらむ
180,そせい_181,"題しらず
こよひこむ人にはあはじたなばたのひさしきほどにまちもこそすれ"
181,源むねゆきの朝臣_182,"なぬかの夜のあかつきによめる
今はとてわかるる時は天河わたらぬさきにそでぞひちぬる"
182,みぶのただみね_183,"やうかの日よめる
けふよりはいまこむ年のきのふをぞいつしかとのみまちわたるべき"
183,よみ人しらず_184,"題しらず
このまよりもりくる月の影見れば心づくしの秋はきにけり"
184,_185,おほかたの秋くるからにわが身こそかなしき物と思ひしりぬれ
185,_186,わがためにくる秋にしもあらなくにむしのねきけばまづぞかなしき
186,_187,物ごとに秋ぞかなしきもみぢつつうつろひゆくをかぎりと思へば
187,_188,ひとりぬるとこは草ばにあらねども秋くるよひはつゆけかりけり
188,_189,"これさだのみこの家の哥合のうた
いつはとは時はわかねど秋のよぞ物思ふ事のかぎりなりける"
189,みつね_190,"かむなりのつぼに人人あつまりて秋のよをしむ哥よ   
みけるついでによめる"
190,よみ人しらず_191,"題しらず
白雲にはねうちかはしとぶかりのかずさへ見ゆる秋のよの月"
191,_192,さ夜なかと夜はふけぬらしかりがねのきこゆるそらに月わたる見ゆ
192,大江千里_193,"これさだのみこの家の哥合によめる
月見れはちぢに物こそかなしけれわが身ひとつの秋にはあらねど"
193,ただみね_194,久方の月の桂も秋は猶もみぢすればやてりまさるらむ
194,在原元方_195,"月をよめる
秋の夜の月のひかりしあかければくらぶの山もこえぬべらなり"
195,藤原忠房_196,"人のもとにまかれりける夜、きりぎりすのなきける   
をききてよめる"
196,としゆきの朝臣_197,"これさだのみこの家の哥合のうた
秋の夜のあくるもしらずなくむしはわがごと物やかなしかるらむ"
197,よみ人しらず_198,"題しらず
あき萩も色づきぬればきりぎりすわがねぬごとやよるはかなしき"
198,_199,秋の夜はつゆこそことにさむからし草むらごとにむしのわぶれば
199,_200,君しのぶ草にやつるるふるさとは松虫のねぞかなしかりける
200,_201,秋ののに道もまどひぬ松虫のこゑする方にやどやからまし
201,_202,あきののに人松虫のこゑすなり我かとゆきていざとぶらはむ
202,_203,もみぢばのちりてつもれるわがやどに誰を松虫ここらなくらむ
203,_204,ひぐらしのなきつるなへに日はくれぬと思ふは山のかげにぞありける
204,_205,ひぐらしのなく山里のゆふぐれは風よりほかにとふ人もなし
205,在原元方_206,"はつかりをよめる
まつ人にあらぬ物からはつかりのけさなくこゑのめづらしきかな"
206,とものり_207,"これさだのみこの家の哥合のうた
秋風にはつかりがねぞきこゆなるたがたまづさをかけてきつらむ"
207,よみ人しらず_208,"題しらず
わがかどにいなおほせどりのなくなへにけさ吹く風にかりはきにけり"
208,_209,いとはやもなきぬるかりか白露のいろどる木木ももみぢあへなくに
209,_210,春霞かすみていにしかりがねは今ぞなくなる秋ぎりのうへに
210,_211,夜をさむみ衣かりがねなくなへに萩のしたばもうつろひにけり
211,藤原菅根朝臣_212,"寛平御時きさいの宮の哥合のうた
秋風にこゑをほにあげてくる舟はあまのとわたるかりにぞありける"
212,みつね_213,"かりのなきけるをききてよめる
うき事を思ひつらねてかりがねのなきこそわたれ秋のよなよな"
213,ただみね_214,"これさだのみこの家の哥合のうた
山里は秋こそことにわびしけれしかのなくねにめをさましつつ"
214,よみ人しらず_215,おく山に紅葉ふみわけなく鹿のこゑきく時ぞ秋は悲しき
215,_216,"題しらず
秋はぎにうらびれをればあしひきの山したとよみしかのなくらむ"
216,_217,秋はぎをしがらみふせてなくしかのめには見えずておとのさやけさ
217,藤原としゆきの朝臣_218,"これさだのみこの家の哥合によめる
あきはぎの花さきにけり高砂のをのへのしかは今やなくらむ"
218,みつね_219,"むかしあひしりて侍りける人の、秋ののにあひて物   
がたりしけるついでによめる"
219,よみ人しらず_220,"題しらず
あきはぎのしたば色づく今よりやひとりある人のいねがてにする"
220,_221,なきわたるかりの涙やおちつらむ物思ふやどの萩のうへのつゆ
221,_222,萩の露玉にぬかむととればけぬよし見む人は枝ながら見よ
222,_223,をりて見ばおちぞしぬべき秋はぎの枝もとををにおけるしらつゆ
223,_224,萩が花ちるらむをののつゆしもにぬれてをゆかむさ夜はふくとも
224,文屋あさやす_225,"是貞のみこの家の哥合によめる
秋ののにおくしらつゆは玉なれやつらぬきかくるくものいとすぢ"
225,僧正へんぜう_226,"題しらず
名にめでてをれるばかりぞをみなへし我おちにきと人にかたるな"
226,ふるのいまみち_227,"僧正遍昭がもとにならへまかりける時に、をとこ山   
にてをみなへしを見てよめる"
227,としゆきの朝臣_228,"是貞のみこの家の哥合のうた
秋ののにやどりはすべしをみなへし名をむつまじみたびならなくに"
228,をののよし木_229,"題しらず
をみなへしおほかるのべにやどりせばあやなくあだの名をやたちなむ"
229,左のおほいまうちぎみ_230,朱雀院のをみなへしあはせによみてたてまつりける
230,藤原定方朝臣_231,秋ならであふことかたきをみなへしあまのかはらにおひぬものゆゑ
231,つらゆき_232,たが秋にあらぬものゆゑをみなへしなぞ色にいでてまだきうつろふ
232,みつね_233,つまこふるしかぞなくなる女郎花おのがすむのの花としらずや
233,_234,女郎花ふきすぎてくる秋風はめには見えねどかこそしるけれ
234,ただみね_235,人の見る事やくるしきをみなへし秋ぎりにのみたちかくるらむ
235,_236,ひとりのみながむるよりは女郎花わがすむやどにうゑて見ましを
236,兼覧王_237,"ものへまかりけるに、人の家にをみなへしうゑたり   
けるを見てよめる"
237,平さだふん_238,寛平御時、蔵人所のをのこどもさがのに花見むとてまかりたりける時、かへるとてみな哥よみけるついでによめる
238,としゆきの朝臣_239,"これさだのみこの家の哥合によめる
なに人かきてぬぎかけしふぢばかまくる秋ごとにのべをにほはす"
239,つらゆき_240,"ふぢばかまをよみて人につかはしける
やどりせし人のかたみかふぢばかまわすられがたきかににほひつつ"
240,そせい_241,"ふぢばかまをよめる
ぬししらぬかこそにほへれ秋ののにたがぬぎかけしふぢばかまぞも"
241,平貞文_242,"題しらず
今よりはうゑてだに見じ花すすきほにいづる秋はわびしかりけり"
242,ありはらのむねやな_243,"寛平御時きさいの宮の哥合のうた
秋の野の草のたもとか花すすきほにいでてまねく袖と見ゆらむ"
243,素性法師_244,我のみやあはれとおもはむきりぎりすなくゆふかげのやまとなでしこ
244,よみ人しらず_245,"題しらず
みどりなるひとつ草とぞ春は見し秋はいろいろの花にぞありける"
245,_246,ももくさの花のひもとく秋ののを思ひたはれむ人なとがめそ
246,_247,月草に衣はすらむあさつゆにぬれてののちはうつろひぬとも
247,僧正遍昭_248,
248,文屋やすひで_249,"これさだのみこの家の哥合のうた
吹くからに秋の草木のしをるればむべ山かぜをあらしといふらむ"
249,_250,草も木も色かはれどもわたつうみの浪の花にぞ秋なかりける
250,紀よしもち_251,"秋の哥合しける時によめる
紅葉せぬときはの山は吹く風のおとにや秋をききわたるらむ"
251,よみ人しらず_252,"題しらず
霧立ちて雁ぞなくなる片岡の朝の原は紅葉しぬらむ"
252,_253,神な月時雨もいまだふらなくにかねてうつろふ神なびのもり
253,_254,ちはやぶる神なび山のもみぢばに思ひはかけじうつろふ物を
254,藤原かちおむ_255,"貞観御時、綾綺殿のまへに梅の木ありけり、にしの   
方にさせりけるえだのもみぢはじめたりけるを、うへにさぶらふをのこどものよみける   
ついでによめる"
255,つらゆき_256,"いしやまにまうでける時、おとは山のもみぢを見て   
よめる"
256,としゆきの朝臣_257,"これさだのみこの家の哥合によめる
白露の色はひとつをいかにして秋のこのはをちぢにそむらむ"
257,壬生忠岑_258,秋の夜のつゆをばつゆとおきながらかりの涙やのべをそむらむ
258,よみ人しらず_259,"題しらず
あきのつゆいろいろごとにおけばこそ山のこのはのちくさなるらめ"
259,つらゆき_260,"もる山のほとりにてよめる
しらつゆも時雨もいたくもる山はしたばのこらず色づきにけり"
260,在原元方_261,"秋のうたとてよめる
雨ふれどつゆももらじをかさとりの山はいかでかもみぢそめけむ"
261,つらゆき_262,"神のやしろのあたりをまかりける時にいがきのうち   
のもみぢを見てよめる"
262,ただみね_263,"これさだのみこの家の哥合によめる
あめふればかさとり山のもみぢばはゆきかふ人のそでさへぞてる"
263,よみ人しらず_264,"寛平御時きさいの宮の哥合のうた
ちらねどもかねてぞをしきもみぢばは今は限の色と見つれば"
264,きのとものり_265,"やまとのくににまかりける時、さほ山にきりのたて   
りけるを見てよめる"
265,よみ人しらず_266,"是貞のみこの家の哥合のうた
秋ぎりはけさはなたちそさほ山のははそのもみぢよそにても見む"
266,坂上是則_267,"秋のうたとてよめる
佐保山のははその色はうすけれど秋は深くもなりにけるかな"
267,在原なりひらの朝臣_268,人のせんざいにきくにむすびつけてうゑけるうた
268,としゆきの朝臣_269,"寛平御時きくの花をよませたまうける
久方の雲のうへにて見る菊はあまつほしとぞあやまたれける"
269,きのとものり_270,"これさだのみこの家の哥合のうた
露ながらをりてかざさむきくの花おいせぬ秋のひさしかるべく"
270,大江千里_271,"寛平御時きさいの宮の哥合のうた
うゑし時花まちどほにありしきくうつろふ秋にあはむとや見し"
271,すがはらの朝臣_272,"おなじ御時せられけるきくあはせに、すはまをつく   
りて菊の花うゑたりけるにくはへたりけるうた、ふきあげのはまのかたにきくうゑたり   
けるによめる"
272,素性法師_273,"仙宮に菊をわけて人のいたれるかたをよめる
ぬれてほす山ぢの菊のつゆのまにいつかちとせを我はへにけむ"
273,とものり_274,"菊の花のもとにて人の人まてるかたをよめる
花見つつ人まつ時はしろたへの袖かとのみぞあやまたれける"
274,_275,"おほさはの池のかたにきくうゑたるをよめる
ひともとと思ひしきくをおほさはの池のそこにもたれかうゑけむ"
275,つらゆき_276,"世中のはかなきことを思ひけるをりにきくの花を見   
てよみける"
276,凡河内みつね_277,"しらぎくの花をよめる
心あてにをらばやをらむはつしものおきまどはせる白菊の花"
277,よみ人しらず_278,"これさだのみこの家の哥合のうた
いろかはる秋のきくをばひととせにふたたびにほふ花とこそ見れ"
278,平さだふん_279,"仁和寺にきくのはなめしける時に、うたそへてたて   
まつれとおほせられければ、よみてたてまつりける"
279,つらゆき_280,"人の家なりけるきくの花をうつしうゑたりけるをよ   
める"
280,よみ人しらず_281,"題しらず
佐保山のははそのもみぢちりぬべみよるさへ見よとてらす月影"
281,藤原関雄_282,"みやづかへひさしうつかうまつらで山ざとにこもり   
侍りけるによめる"
282,よみ人しらず_283,"題しらず
竜田河もみぢみだれて流るめりわたらば錦なかやたえなむ"
283,_284,たつた河もみぢば流る神なびのみむろの山に時雨ふるらし
284,_285,こひしくは見てもしのばむもみぢばを吹きなちらしそ山おろしのかぜ
285,_286,秋風にあへずちりぬるもみぢばのゆくへさだめぬ我ぞかなしき
286,_287,あきはきぬ紅葉はやどにふりしきぬ道ふみわけてとふ人はなし
287,_288,ふみわけてさらにやとはむもみぢばのふりかくしてしみちとみながら
288,_289,秋の月山辺さやかにてらせるはおつるもみぢのかずを見よとか
289,_290,吹く風の色のちくさに見えつるは秋のこのはのちればなりけり
290,せきを_291,霜のたてつゆのぬきこそよわからし山の錦のおればかつちる
291,（朱書「僧正へんせうイ」）_292,"うりむゐんの木のかげにたたずみてよみける
わび人のわきてたちよるこの本はたのむかげなくもみぢちりけり"
292,そせい_293,"二条の后の春宮のみやす所と申しける時に、御屏風   
にたつた河にもみぢながれたるかたをかけりけるを題にてよめる"
293,なりひらの朝臣_294,ちはやぶる神世もきかず竜田河唐紅に水くくるとは
294,としゆきの朝臣_295,"これさだのみこの家の哥合のうた
わがきつる方もしられずくらぶ山木木のこのはのちるとまがふに"
295,ただみね_296,神なびのみむろの山を秋ゆけば錦たちきる心地こそすれ
296,つらゆき_297,"北山に紅葉をらむとてまかれりける時によめる
見る人もなくてちりぬるおく山の紅葉はよるのにしきなりけり"
297,かねみの王_298,"秋のうた
竜田ひめたむくる神のあればこそ秋のこのはのぬさとちるらめ"
298,つらゆき_299,をのといふ所にすみ侍りける時もみぢを見てよめる
299,きよはらのふかやぶ_300,"神なびの山をすぎて竜田河をわたりける時に、もみ   
ぢのながれけるをよめる"
300,ふぢはらのおきかぜ_301,"寛平御時きさいの宮の哥合のうた
白浪に秋のこのはのうかべるをあまのながせる舟かとぞ見る"
301,坂上これのり_302,"たつた河のほとりにてよめる
もみぢばのながれざりせば竜田河水の秋をばたれかしらまし"
302,はるみちのつらき_303,"しがの山ごえにてよめる
山河に風のかけたるしがらみは流れもあへぬ紅葉なりけり"
303,みつね_304,"池のほとりにてもみぢのちるをよめる
風ふけばおつるもみぢば水きよみちらぬかげさへそこに見えつつ"
304,_305,"亭子院の御屏風のゑに、河わたらむとする人のもみ   
ぢのちる木のもとにむまをひかへてたてるをよませたまひければつかうまつりける"
305,ただみね_306,"是貞のみこの家の哥合のうた
山田もる秋のかりいほにおくつゆはいなおほせ鳥の涙なりけり"
306,よみ人しらず_307,"題しらず
ほにもいでぬ山田をもると藤衣いなばのつゆにぬれぬ日ぞなき"
307,_308,かれる田におふるひつちのほにいでぬは世を今更に秋はてぬとか
308,そせい法し_309,"北山に僧正へんぜうとたけがりにまかれりけるによ   
める"
309,おきかぜ_310,"寛平御時ふるきうたたてまつれとおほせられけれ   
ば、たつた河もみぢばながるといふ哥をかきて、そのおなじ心をよめりける"
310,つらゆき_311,"秋のはつる心をたつた河に思ひやりてよめる
年ごとにもみぢばながす竜田河みなとや秋のとまりなるらむ"
311,_312,"なが月のつごもりの日大井にてよめる
ゆふづく夜をぐらの山になくしかのこゑの内にや秋はくるらむ"
312,みつね_313,"おなじつごもりの日よめる
道しらばたづねもゆかむもみぢばをぬさとたむけて秋はいにけり"
313,よみ人しらず_314,"題しらず
竜田河錦おりかく神な月しぐれの雨をたてぬきにして"
314,源宗于朝臣_315,"冬の哥とてよめる
山里は冬ぞさびしさまさりける人めも草もかれぬと思へば"
315,読人しらず_316,"題しらず
おほぞらの月のひかりしきよければ影見し水ぞまづこほりける"
316,_317,ゆふされば衣手さむしみよしののよしのの山にみ雪ふるらし
317,_318,今よりはつぎてふらなむわがやどのすすきおしなみふれるしら雪
318,_319,ふる雪はかつぞけぬらしあしひきの山のたぎつせおとまさるなり
319,_320,この河にもみぢば流るおく山の雪げの水ぞ今まさるらし
320,_321,ふるさとはよしのの山しちかければひと日もみ雪ふらぬ日はなし
321,_322,わがやどは雪ふりしきてみちもなしふみわけてとふ人しなければ
322,紀貫之_323,"冬のうたとて
雪ふれば冬ごもりせる草も木も春にしられぬ花ぞさきける"
323,紀あきみね_324,"しがの山ごえにてよめる
白雪のところもわかずふりしけばいはほにもさく花とこそ見れ"
324,坂上これのり_325,"ならの京にまかれりける時にやどれりける所にてよ   
める"
325,ふぢはらのおきかぜ_326,"寛平御時きさいの宮の哥合のうた
浦ちかくふりくる雪は白浪の末の松山こすかとぞ見る"
326,壬生忠岑_327,みよしのの山の白雪ふみわけて入りにし人のおとづれもせぬ
327,_328,白雪のふりてつもれる山ざとはすむ人さへや思ひきゆらむ
328,凡河内みつね_329,"雪のふれるを見てよめる
ゆきふりて人もかよはぬみちなれやあとはかもなく思ひきゆらむ"
329,きよはらのふかやぶ_330,"ゆきのふりけるをよみける
冬ながらそらより花のちりくるは雲のあなたは春にやあるらむ"
330,つらゆき_331,"雪の木にふりかかれりけるをよめる
ふゆごもり思ひかけぬをこのまより花と見るまで雪ぞふりける"
331,坂上これのり_332,"やまとのくににまかれりける時に、ゆきのふりける   
を見てよめる"
332,よみ人しらず_333,"題しらず
けぬがうへに又もふりしけ春霞たちなばみ雪まれにこそ見め"
333,_334,梅花それとも見えず久方のあまぎる雪のなべてふれれば
334,小野たかむらの朝臣_335,"梅花にゆきのふれるをよめる
花の色は雪にまじりて見えずともかをだににほへ人のしるべく"
335,きのつらゆき_336,"雪のうちの梅花をよめる
梅のかのふりおける雪にまがひせばたれかことごとわきてをらまし"
336,きのとものり_337,"ゆきのふりけるを見てよめる
雪ふれば木ごとに花ぞさきにけるいづれを梅とわきてをらまし"
337,みつね_338,"物へまかりける人をまちてしはすのつごもりによめ   
る"
338,在原もとかた_339,"年のはてによめる
あらたまの年のをはりになるごとに雪もわが身もふりまさりつつ"
339,よみ人しらず_340,"寛平御時きさいの宮の哥合のうた
雪ふりて年のくれぬる時こそつひにもみぢぬ松も見えけれ"
340,はるみちのつらき_341,"年のはてによめる
昨日といひけふとくらしてあすかがは流れてはやき月日なりけり"
341,きのつらゆき_342,"哥たてまつれとおほせられし時によみてたてまつれ   
る"
342,よみ人しらず_343,"題しらず
わが君は千世にやちよにさざれいしのいはほとなりてこけのむすまで"
343,_344,渡つ海の浜のまさごをかぞへつつ君がちとせのありかずにせむ
344,_345,しほの山さしでのいそにすむ千鳥きみがみ世をばやちよとぞなく
345,_346,わがよはひ君がやちよにとりそへてとどめおきては思ひいでにせよ
346,_347,仁和の御時僧正遍昭に七十賀たまひける時の御哥
347,僧正へんぜう_348,"仁和のみかどのみこにおはしましける時に、御をば   
のやそぢの賀にしろかねをつゑにつくれりけるを見て、かの御をばにかはりてよみける"
348,在原業平朝臣_349,"ほりかはのおほいまうちぎみの四十賀、九条の家に   
てしける時によめる"
349,きのこれをか_350,"さだときのみこのをばのよそぢの賀を大井にてしけ   
る日よめる"
350,ふぢはらのおきかぜ_351,"さだやすのみこのきさいの宮の五十の賀たてまつり   
ける御屏風に、さくらの花のちるしたに人の花見たるかたかけるをよめる"
351,きのつらゆき_352,"もとやすのみこの七十の賀のうしろの屏風によみて   
かきける"
352,そせい法し_353,いにしへにありきあらずはしらねどもちとせのためし君にはじめむ
353,_354,ふしておもひおきてかぞふるよろづよは神ぞしるらむわがきみのため
354,在原しげはる_355,"藤原三善が六十賀によみける
鶴亀もちとせののちはしらなくにあかぬ心にまかせはててむ"
355,そせい法し_356,"よしみねのつねなりがよそぢの賀にむすめにかはり   
てよみ侍りける"
356,_357,"内侍のかみの右大将ふぢはらの朝臣の四十賀しける   
時に、四季のゑかけるうしろの屏風にかきたりけるうた"
357,_358,山たかみくもゐに見ゆるさくら花心の行きてをらぬ日ぞなき
358,_359,"夏
めづらしきこゑならなくに郭公ここらの年をあかずもあるかな"
359,_360,"秋
住の江の松を秋風吹くからにこゑうちそふるおきつ白浪"
360,_361,千鳥なくさほの河ぎりたちぬらし山のこのはも色まさりゆく
361,_362,秋くれど色もかはらぬときは山よそのもみぢを風ぞかしける
362,_363,"冬
白雪のふりしく時はみよしのの山した風に花ぞちりける"
363,典侍藤原よるかの朝臣_364,"春宮のむまれたまへりける時にまゐりてよめる
峯たかきかすがの山にいづる日はくもる時なくてらすべらなり"
364,在原行平朝臣_365,"題しらず
立ちわかれいなばの山の峯におふる松としきかば今かへりこむ"
365,よみ人しらず_366,すがるなく秋のはぎはらあさたちて旅行く人をいつとかまたむ
366,_367,限なき雲ゐのよそにわかるとも人を心におくらさむやは
367,_368,"をののちふるがみちのくのすけにまかりける時に、   
ははのよめる"
368,きのとしさだ_369,"さだときのみこの家にて、ふぢはらのきよふがあふ   
みのすけにまかりける時に、むまのはなむけしける夜よめる"
369,_370,"こしへまかりける人によみてつかはしける
かへる山ありとはきけど春霞立別れなばこひしかるべし"
370,きのつらゆき_371,"人のむまのはなむけにてよめる
をしむからこひしき物を白雲のたちなむのちはなに心地せむ"
371,在原しげはる_372,"ともだちの人のくにへまかりけるによめる
わかれてはほどをへだつとおもへばやかつ見ながらにかねてこひしき"
372,いかごのあつゆき_373,あづまの方へまかりける人によみてつかはしける
373,なにはのよろづを_374,"あふさかにて人をわかれける時によめる
相坂の関しまさしき物ならばあかずわかるる君をとどめよ"
374,よみ人しらず_375,"題しらず
唐衣たつ日はきかじあさつゆのおきてしゆけばけぬべき物を"
375,寵_376,"ひたちへまかりける時に、ふぢはらのきみとしによ   
みてつかはしける"
376,よみ人しらず_377,"きのむねさだがあづまへまかりける時に、人の家に   
やどりて、暁いでたつとてまかり申ししければ、女のよみていだせりける"
377,ふかやぶ_378,"あひしりて侍りける人のあづまの方へまかりけるを   
おくるとてよめる"
378,よしみねのひでをか_379,"とものあづまへまかりける時によめる
白雲のこなたかなたに立ちわかれ心をぬさとくだくたびかな"
379,つらゆき_380,みちのくにへまかりける人によみてつかはしける
380,_381,"人をわかれける時によみける
わかれてふ事はいろにもあらなくに心にしみてわびしかるらむ"
381,凡河内みつね_382,"あひしれりける人のこしのくににまかりて、としへ   
て京にまうできて、又かへりける時によめる"
382,_383,こしのくにへまかりける人によみてつかはしける
383,つらゆき_384,"おとはの山のほとりにて人をわかるとてよめる
おとは山こだかくなきて郭公君が別ををしむべらなり"
384,ふぢはらのかねもち_385,"藤原ののちかげがからもののつかひに、なが月の   
つごもりがたにまかりけるに、うへのをのこどもさけたうびけるついでによめる"
385,平もとのり_386,秋霧のともにたちいでてわかれなばはれぬ思ひに恋ひや渡らむ
386,しろめ_387,"源のさねがつくしへゆあみむとてまかりけるに、山   
ざきにてわかれをしみける所にてよめる"
387,源さね_388,"山ざきより神なびのもりまでおくりに人人まかり   
て、かへりがてにしてわかれをしみけるによめる"
388,藤原かねもち_389,"今はこれよりかへりねとさねがいひけるをりによみ   
ける"
389,つらゆき_390,"藤原のこれをかがむさしのすけにまかりける時に、   
おくりにあふさかをこゆとてよみける"
390,藤原かねすけの朝臣_391,"おほえのちふるがこしへまかりけるむまのはなむけ   
によめる"
391,僧正遍昭_392,"人の花山にまうできて、ゆふさりつかたかへりなむ   
としける時によめる"
392,幽仙法師_393,"山にのぼりてかへりまうできて、人人わかれけるつ   
いでによめる"
393,僧正へんぜう_394,"うりむゐんのみこの舎利会に山にのぼりてかへりけ   
るに、さくらの花のもとにてよめる"
394,幽仙法師_395,ことならば君とまるべくにほはなむかへすは花のうきにやはあらぬ
395,兼芸法し_396,"仁和のみかどみこにおはしましける時に、ふるのた   
き御覧じにおはしましてかへりたまひけるによめる"
396,つらゆき_397,"かむなりのつぼにめしたりける日、おほみきなどた   
うべてあめのいたくふりければ、ゆふさりまで侍りてまかりいでけるをりに、さか月を   
とりて"
397,兼覧王_398,"とよめりけるかへし
をしむらむ人の心をしらぬまに秋の時雨と身ぞふりにける"
398,みつね_399,"かねみのおほきみにはじめて物がたりして、わかれ   
ける時によめる"
399,よみ人しらず_400,"題しらず
あかずしてわかるるそでのしらたまを君がかたみとつつみてぞ行く"
400,_401,限なく思ふ涙にそほちぬる袖はかわかじあはむ日までに
401,_402,かきくらしごとはふらなむ春雨にぬれぎぬきせて君をとどめむ
402,_403,しひて行く人をとどめむ桜花いづれを道と迷ふまでちれ
403,つらゆき_404,"しがの山ごえにて、いしゐのもとにてものいひける   
人のわかれけるをりによめる"
404,とものり_405,"みちにあへりける人のくるまにものをいひつきて、   
わかれける所にてよめる"
405,安倍仲麿_406,"もろこしにて月を見てよみける
あまの原ふりさけ見ればかすがなるみかさの山にいでし月かも"
406,小野たかむらの朝臣_407,"おきのくににながされける時に、舟にのりていでた   
つとて、京なる人のもとにつかはしける"
407,よみ人しらず_408,"題しらず
都いでて今日みかの原いづみ河かは風さむし衣かせ山"
408,_409,ほのぼのと明石の浦の朝霧に島がくれ行く舟をしぞ思ふ
409,在原業平朝臣_410,"あづまの方へ友とする人ひとりふたりいざなひてい   
きけり、みかはのくにやつはしといふ所にいたりけるに、その河のほとりにかきつばた   
いとおもしろくさけりけるを見て、木のかげにおりゐて、かきつばたといふいつもじを   
くのかしらにすゑてたびの心をよまむとてよめる"
410,_411,"むさしのくにとしもつふさのくにとの中にあるすみ   
だ河のほとりにいたりて、みやこのいとこひしうおぼえければ、しばし河のほとりにお   
りゐて思ひやれば、かぎりなくとほくもきにけるかなと思ひわびてながめをるに、わた   
しもりはや舟にのれ、日くれぬといひければ、舟にのりてわたらむとするに、みな人も   
のわびしくて京におもふ人なくしもあらず、さるをりにしろきとりのはしとあしとあか   
き、河のほとりにあそびけり、京には見えぬとりなりければみな人見しらず、わたしも   
りにこれはなにとりぞととひければ、これなむみやこどりといひけるをききてよめる"
411,よみ人しらず_412,"題しらず
北へ行くかりぞなくなるつれてこしかずはたらでぞかへるべらなる"
412,おと_413,あづまの方より京へまうでくとて、みちにてよめる
413,みつね_414,"こしのくにへまかりける時しら山を見てよめる
きえはつる時しなければこしぢなる白山の名は雪にぞありける"
414,つらゆき_415,"あづまへまかりける時みちにてよめる
いとによる物ならなくにわかれぢの心ぼそくもおもほゆるかな"
415,みつね_416,"かひのくにへまかりける時みちにてよめる
夜をさむみおくはつ霜をはらひつつ草の枕にあまたたびねぬ"
416,ふぢはらのかねすけ_417,"たじまのくにのゆへまかりける時に、ふたみのうら   
といふ所にとまりて、ゆふさりのかれいひたうべけるに、ともにありける人人のうたよ   
みけるついでによめる"
417,在原なりひらの朝臣_418,"これたかのみこのともにかりにまかりける時に、あ   
まの河といふ所の河のほとりにおりゐてさけなどのみけるついでに、みこのいひけら   
く、かりしてあまのかはらにいたるといふ心をよみて、さかづきはさせといひければよ   
める"
418,きのありつね_419,"みここのうたを返す返すよみつつ返しえせずなりに   
ければ、ともに侍りてよめる"
419,すがはらの朝臣_420,"朱雀院のならにおはしましたりける時にたむけ山に   
てよみける"
420,素性法師_421,たむけにはつづりの袖もきるべきにもみぢにあける神やかへさむ
421,藤原としゆきの朝臣_422,"うぐひす
心から花のしづくにそほちつつうくひずとのみ鳥のなくらむ"
422,_423,"ほととぎす
くべきほどときすぎぬれやまちわびてなくなるこゑの人をとよむる"
423,在原しげはる_424,"うつせみ
浪のうつせみればたまぞみだれけるひろはばそでにはかなからむや"
424,壬生忠岑_425,"返し
たもとよりはなれて玉をつつまめやこれなむそれとうつせ見むかし"
425,よみ人しらず_426,"うめ
あなうめにつねなるべくも見えぬかなこひしかるべきかはにほひつつ"
426,つらゆき_427,"かにはざくら
かづけども浪のなかにはさぐられで風吹くごとにうきしづむたま"
427,_428,"すもものはな
今いくか春しなければうぐひすもものはながめて思ふべらなり"
428,ふかやぶ_429,"からもものはな
あふからもものはなほこそかなしけれわかれむ事をかねて思へば"
429,をののしげかげ_430,"たちばな
葦引の山たちはなれ行く雲のやどりさだめぬ世にこそ有りけれ"
430,とものり_431,"をがたまの木
みよしののよしののたきにうかびいづるあわをかたまのきゆと見つらむ"
431,よみ人しらず_432,"やまがきの木
秋はきぬいまやまがきのきりぎりすよなよななかむ風のさむさに"
432,_433,"あふひ、かつら
かくばかりあふ日のまれになる人をいかがつらしとおもはざるべき"
433,_434,人めゆゑのちにあふ日のはるけくはわがつらきにや思ひなされむ
434,僧正へんぜう_435,"くたに
ちりぬればのちはあくたになる花を思ひしらずもまどふてふかな"
435,つらゆき_436,"さうび
我はけさうひにぞ見つる花の色をあだなる物といふべかりけり"
436,とものり_437,"をみなへし
白露を玉にぬくやとささがにの花にも葉にもいとをみなへし"
437,_438,あさ露をわけそほちつつ花見むと今ぞの山をみなへしりぬる
438,つらゆき_439,"朱雀院のをみなへしあはせの時に、をみなへしとい   
ふいつもじをくのかしらにおきてよめる"
439,とものり_440,"きちかうの花
秋ちかうのはなりにけり白露のおけるくさばも色かはりゆく"
440,よみ人しらず_441,"しをに
ふりはへていざふるさとの花見むとこしをにほひぞうつろひにける"
441,とものり_442,"りうたむのはな
わがやどの花ふみしだくとりうたむのはなければやここにしもくる"
442,よみ人しらず_443,"をばな
ありと見てたのむぞかたきうつせみの世をばなしとや思ひなしてむ"
443,やたべの名実_444,"けにごし
うちつけにこしとや花の色を見むおく白露のそむるばかりを"
444,文屋やすひで_445,"二条の后春宮のみやすん所と申しける時に、めどに   
けづり花させりけるをよませたまひける"
445,きのとしさだ_446,"しのぶぐさ
山たかみつねに嵐の吹くさとはにほひもあへず花ぞちりける"
446,平あつゆき_447,"やまし
郭公みねのくもにやまじりにしありとはきけど見るよしもなき"
447,よみ人しらず_448,"からはぎ
空蝉のからは木ごとにとどむれどたまのゆくへを見ぬぞかなしき"
448,ふかやぶ_449,"かはなぐさ
うばたまの夢になにかはなぐさまむうつつにだにもあかぬ心は"
449,たかむこのとしはる_450,"さがりごけ
花の色はただひとさかりこけれども返す返すぞつゆはそめける"
450,しげはる_451,"にがたけ
いのちとてつゆをたのむにかたければ物わびしらになくのべのむし"
451,かげのりのおほきみ_452,"かはたけ
さ夜ふけてなかばたけゆく久方の月ふきかへせ秋の山風"
452,真せいほうし_453,"わらび
煙たちもゆとも見えぬ草のはをたれかわらびとなづけそめけむ"
453,きのめのと_454,"ささ、まつ、びは、ばせをば
いさざめに時まつまにぞ日はへぬる心ばせをば人に見えつつ"
454,兵衛_455,"なし、なつめ、くるみ
あぢきなしなげきなつめそうき事にあひくる身をばすてぬものから"
455,安倍清行朝臣_456,"からことといふ所にて春のたちける日よめる
浪のおとのけさからことにきこゆるは春のしらべや改るらむ"
456,兼覧王_457,"いかがさき
かぢにあたる浪のしづくを春なればいかがさきちる花と見ざらむ"
457,あほのつねみ_458,"からさき
かの方にいつからさきにわたりけむ浪ぢはあとものこらざりけり"
458,伊勢_459,浪の花おきからさきてちりくめり水の春とは風やなるらむ
459,つらゆき_460,"かみやがは
うばたまのわがくろかみやかはるらむ鏡の影にふれるしらゆき"
460,_461,"よどがは
あしひきの山べにをれば白雲のいかにせよとかはるる時なき"
461,ただみね_462,"かたの
夏草のうへはしげれるぬま水のゆくかたのなきわが心かな"
462,源ほどこす_463,"かつらのみや
秋くれば月のかつらのみやはなるひかりを花とちらすばかりを"
463,よみ人しらず_464,"百和香
花ごとにあかずちらしし風なればいくそばくわがうしとかは思ふ"
464,しげはる_465,"すみながし
春がすみなかしかよひぢなかりせば秋くるかりはかへらざらまし"
465,みやこのよしか_466,"おきび
流れいづる方だに見えぬ涙河おきひむ時やそこはしられむ"
466,大江千里_467,"ちまき
のちまきのおくれておふるなへなれどあだにはならぬたのみとぞきく"
467,僧正聖宝_468,"はをはじめ、るをはてにて、ながめをかけて時のう   
たよめと人のいひければよみける"
468,読人しらず_469,"題しらず
郭公なくやさ月のあやめぐさあやめもしらぬこひもするかな"
469,素性法師_470,おとにのみきくの白露よるはおきてひるは思ひにあへずけぬべし
470,紀貫之_471,吉野河いは浪たかく行く水のはやくぞ人を思ひそめてし
471,藤原勝臣_472,白浪のあとなき方に行く舟も風ぞたよりのしるべなりける
472,在原元方_473,おとは山おとにききつつ相坂の関のこなたに年をふるかな
473,_474,立帰りあはれとぞ思ふよそにても人に心をおきつ白浪
474,つらゆき_475,世中はかくこそ有りけれ吹く風のめに見ぬ人もこひしかりけり
475,在原業平朝臣_476,"右近のむまばのひをりの日、むかひにたてたりける   
くるまのしたすだれより女のかほのほのかに見えければ、よむでつかはしける"
476,よみ人しらず_477,"返し
しるしらぬなにかあやなくわきていはむ思ひのみこそしるべなりけれ"
477,みぶのただみね_478,"かすがのまつりにまかれりける時に、物見にいでた   
りける女のもとに、家をたづねてつかはせりける"
478,つらゆき_479,"人の花つみしける所にまかりて、そこなりける人の   
もとに、のちによみてつかはしける"
479,もとかた_480,"題しらず
たよりにもあらぬおもひのあやしきは心を人につくるなりけり"
480,凡河内みつね_481,はつかりのはつかにこゑをききしより中ぞらにのみ物を思ふかな
481,つらゆき_482,逢ふ事はくもゐはるかになる神のおとにききつつこひ渡るかな
482,読人しらず_483,かたいとをこなたかなたによりかけてあはずはなにをたまのをにせむ
483,_484,夕ぐれは雲のはたてに物ぞ思ふあまつそらなる人をこふとて
484,_485,かりこもの思ひみだれて我こふといもしるらめや人しつげずは
485,_486,つれもなき人をやねたくしらつゆのおくとはなげきぬとはしのばむ
486,_487,ちはやぶるかもの社のゆふだすきひと日も君をかけぬ日はなし
487,_488,わがこひはむなしきそらにみちぬらし思ひやれどもゆく方もなし
488,_489,するがなるたごの浦浪たたぬひはあれども君をこひぬ日ぞなき
489,_490,ゆふづく夜さすやをかべの松のはのいつともわかぬこひもするかな
490,_491,葦引の山した水のこがくれてたぎつ心をせきぞかねつる
491,_492,吉野河いはきりとほし行く水のおとにはたてじこひはしぬとも
492,_493,たきつせのなかにもよどはありてふをなどわがこひのふちせともなき
493,_494,山高みした行く水のしたにのみ流れてこひむこひはしぬとも
494,_495,思ひいづるときはの山のいはつつじいはねばこそあれこひしき物を
495,_496,人しれずおもへばくるし紅のすゑつむ花のいろにいでなむ
496,_497,秋の野のをばなにまじりさく花のいろにやこひむあふよしをなみ
497,_498,わがそのの梅のほつえに鶯のねになきぬべきこひもするかな
498,_499,あしひきの山郭公わがごとや君にこひつついねがてにする
499,_500,夏なればやどにふすぶるかやり火のいつまでわが身したもえをせむ
500,_501,恋せじとみたらし河にせしみそぎ神はうけずぞなりにけらしも
501,_502,あはれてふ事だになくはなにをかは恋のみだれのつかねをにせむ
502,_503,おもふには忍ぶる事ぞまけにける色にはいでじとおもひし物を
503,_504,わがこひを人しるらめや敷妙の枕のみこそしらばしるらめ
504,_505,あさぢふのをののしの原しのぶとも人しるらめやいふ人なしに
505,_506,人しれぬ思ひやなぞとあしかきのまぢかけれどもあふよしのなき
506,_507,思ふともこふともあはむ物なれやゆふてもたゆくとくるしたひも
507,_508,いで我を人なとがめそおほ舟のゆだのたゆだに物思ふころぞ
508,_509,伊勢の海につりするあまのうけなれや心ひとつを定めかねつる
509,_510,いせのうみのあまのつりなは打ちはへてくるしとのみや思ひ渡らむ
510,_511,涙河何みなかみを尋ねけむ物思ふ時のわが身なりけり
511,_512,たねしあればいはにも松はおひにけり恋をしこひばあはざらめやは
512,_513,あさなあさな立つ河霧のそらにのみうきて思ひのある世なりけり
513,_514,わすらるる時しなければあしたづの思ひみだれてねをのみぞなく
514,_515,唐衣ひもゆふぐれになる時は返す返すぞ人はこひしき
515,_516,よひよひに枕さだめむ方もなしいかにねし夜か夢に見えけむ
516,_517,恋しきに命をかふる物ならばしにはやすくぞあるべかりける
517,_518,人の身もならはし物をあはずしていざ心みむこひやしぬると
518,_519,忍ぶれば苦しき物を人しれず思ふてふ事誰にかたらむ
519,_520,こむ世にもはや成りななむ目の前につれなき人を昔とおもはむ
520,_521,つれもなき人をこふとて山びこのこたへするまでなげきつるかな
521,_522,ゆく水にかずかくよりもはかなきはおもはぬ人を思ふなりけり
522,_523,人を思ふ心は我にあらねばや身の迷ふだにしられざるらむ
523,_524,思ひやるさかひはるかになりやするまどふ夢ぢにあふ人のなき
524,_525,夢の内にあひ見む事をたのみつつくらせるよひはねむ方もなし
525,_526,こひしねとするわざならしむばたまのよるはすがらに夢に見えつつ
526,_527,涙河枕ながるるうきねには夢もさだかに見えずぞありける
527,_528,恋すればわが身は影と成りにけりさりとて人にそはぬ物ゆゑ
528,_529,篝火にあらぬわが身のなぞもかく涙の河にうきてもゆらむ
529,_530,かがり火の影となる身のわびしきは流れてしたにもゆるなりけり
530,_531,はやきせに見るめおひせばわが袖の涙の河にうゑまし物を
531,_532,おきへにもよらぬたまもの浪のうへにみだれてのみやこひ渡りなむ
532,_533,あしがものさわぐ入江の白浪のしらずや人をかくこひむとは
533,_534,人しれぬ思ひをつねにするがなるふじの山こそわが身なりけれ
534,_535,とぶとりのこゑもきこえぬ奥山のふかき心を人はしらなむ
535,_536,相坂のゆふつけどりもわがごとく人やこひしきねのみなくらむ
536,_537,相坂の関にながるるいはし水いはで心に思ひこそすれ
537,_538,うき草のうへはしげれるふちなれや深き心をしる人のなき
538,_539,打ちわびてよばはむ声に山びこのこたへぬ山はあらじとぞ思ふ
539,_540,心がへする物にもがかたこひはくるしき物と人にしらせむ
540,_541,よそにしてこふればくるしいれひものおなじ心にいざむすびてむ
541,_542,春たてばきゆる氷ののこりなく君が心は我にとけなむ
542,_543,あけたてば蝉のをりはへなきくらしよるはほたるのもえこそわたれ
543,_544,夏虫の身をいたづらになすこともひとつ思ひによりてなりけり
544,_545,ゆふさればいとどひがたきわがそでに秋のつゆさへおきそはりつつ
545,_546,いつとてもこひしからずはあらねども秋のゆふべはあやしかりけり
546,_547,秋の田のほにこそ人をこひざらめなどか心に忘れしもせむ
547,_548,あきのたのほのうへをてらすいなづまのひかりのまにも我やわするる
548,_549,人めもる我かはあやな花すすきなどかほにいでてこひずしもあらむ
549,_550,あは雪のたまればがてにくだけつつわが物思ひのしげきころかな
550,_551,奥山の菅のねしのぎふる雪のけぬとかいはむこひのしげきに
551,小野小町_552,"題しらず
思ひつつぬればや人の見えつらむ夢としりせばさめざらましを"
552,_553,うたたねに恋しきひとを見てしより夢てふ物は憑みそめてき
553,_554,いとせめてこひしき時はむば玉のよるの衣を返してぞきる
554,素性法師_555,秋風の身にさむければつれもなき人をぞたのむくるる夜ごとに
555,あべのきよゆきの朝臣_556,"しもついづもでらに人のわざしける日、真せい法し   
のだうしにていへりける事を哥によみてをののこまちがもとにつかはしける"
556,こまち_557,"返し
おろかなる涙ぞそでに玉はなす我はせきあへずたきつせなれば"
557,藤原としゆきの朝臣_558,"寛平御時きさいの宮の哥合のうた
恋ひわびて打ちぬる中に行きかよふ夢のただぢはうつつならなむ"
558,_559,住の江の岸による浪よるさへやゆめのかよひぢ人めよくらむ
559,をののよしき_560,わがこひはみ山がくれの草なれやしげさまされどしる人のなき
560,紀とものり_561,よひのまもはかなく見ゆる夏虫に迷ひまされるこひもするかな
561,_562,ゆふされば蛍よりけにもゆれどもひかり見ねばや人のつれなき
562,_563,ささのはにおく霜よりもひとりぬるわが衣手ぞさえまさりける
563,_564,わがやどの菊のかきねにおくしものきえかへりてぞこひしかりける
564,_565,河のせになびくたまものみがくれて人にしられぬこひもするかな
565,みぶのただみね_566,かきくらしふる白雪のしたぎえにきえて物思ふころにもあるかな
566,藤原おきかぜ_567,君こふる涙のとこにみちぬればみをつくしとぞ我はなりぬる
567,_568,しぬるいのちいきもやすると心見に玉のをばかりあはむといはなむ
568,_569,わびぬればしひてわすれむと思へども夢といふ物ぞ人だのめなる
569,よみ人しらず_570,わりなくもねてもさめてもこひしきか心をいづちやらばわすれむ
570,_571,恋しきにわびてたましひ迷ひなばむなしきからのなにやのこらむ
571,紀つらゆき_572,君こふる涙しなくは唐衣むねのあたりは色もえなまし
572,_573,"題しらず
世とともに流れてぞ行く涙河冬もこほらぬみなわなりけり"
573,_574,夢ぢにもつゆやおくらむよもすがらかよへる袖のひちてかわかぬ
574,そせい法し_575,はかなくて夢にも人を見つる夜は朝のとこぞおきうかりける
575,藤原ただふさ_576,いつはりの涙なりせば唐衣しのびに袖はしぼらざらまし
576,大江千里_577,ねになきてひちにしかども春さめにぬれにし袖ととはばこたへむ
577,としゆきの朝臣_578,わがごとく物やかなしき郭公時ぞともなくよただなくらむ
578,つらゆき_579,さ月山こずゑをたかみ郭公なくねそらなるこひもするかな
579,凡河内みつね_580,秋ぎりのはるる時なき心にはたちゐのそらもおもほえなくに
580,清原ふかやぶ_581,虫のごと声にたててはなかねども涙のみこそしたにながるれ
581,よみ人しらず_582,"これさだのみこの家の哥合のうた
秋なれば山とよむまでなくしかに我おとらめやひとりぬるよは"
582,つらゆき_583,"題しらず
秋ののにみだれてさける花の色のちくさに物を思ふころかな"
583,みつね_584,ひとりして物をおもへば秋のよのいなばのそよといふ人のなき
584,ふかやぶ_585,人を思ふ心はかりにあらねどもくもゐにのみもなきわたるかな
585,ただみね_586,秋風にかきなすことのこゑにさへはかなく人のこひしかるらむ
586,つらゆき_587,まこもかるよどのさは水雨ふればつねよりことにまさるわがこひ
587,_588,"やまとに侍りける人につかはしける
こえぬまはよしのの山のさくら花人づてにのみききわたるかな"
588,_589,"やよひばかりに物のたうびける人のもとに、又人ま   
かりつつせうそこすとききてつかはしける"
589,坂上これのり_590,"題しらず
わがこひにくらぶの山のさくら花まなくちるともかずはまさらじ"
590,むねをかのおほより_591,冬河のうへはこほれる我なれやしたにながれてこひわたるらむ
591,ただみね_592,たきつせにねざしとどめぬうき草のうきたるこひも我はするかな
592,とものり_593,よひよひにぬぎてわがぬるかり衣かけておもはぬ時のまもなし
593,_594,あづまぢのさやの中山なかなかになにしか人を思ひそめけむ
594,_595,しきたへの枕のしたに海はあれど人を見るめはおひずぞ有りける
595,_596,年をへてきえぬおもひは有りながらよるのたもとは猶こほりけり
596,つらゆき_597,わがこひはしらぬ山ぢにあらなくに迷ふ心ぞわびしかりける
597,_598,紅のふりいでつつなく涙にはたもとのみこそ色まさりけれ
598,_599,白玉と見えし涙も年ふればから紅にうつろひにけり
599,みつね_600,夏虫をなにかいひけむ心から我も思ひにもえぬべらなり
600,ただみね_601,風ふけば峯にわかるる白雲のたえてつれなき君が心か
601,_602,月影にわが身をかふる物ならばつれなき人もあはれとや見む
602,ふかやぶ_603,こひしなばたが名はたたじ世中のつねなき物といひはなすとも
603,つらゆき_604,つのくにのなにはのあしのめもはるにしげきわがこひ人しるらめや
604,_605,手もふれで月日へにけるしらま弓おきふしよるはいこそねられね
605,_606,人しれぬ思ひのみこそわびしけれわが歎をば我のみぞしる
606,とものり_607,事にいでていはぬばかりぞみなせ河したにかよひてこひしきものを
607,みつね_608,君をのみ思ひねにねし夢なればわが心から見つるなりけり
608,ただみね_609,いのちにもまさりてをしくある物は見はてぬゆめのさむるなりけり
609,はるみちのつらき_610,梓弓ひけば本末わが方によるこそまされこひの心は
610,みつね_611,わがこひはゆくへもしらずはてもなし逢ふを限と思ふばかりぞ
611,_612,我のみぞかなしかりけるひこぼしもあはですぐせる年しなければ
612,ふかやぶ_613,今ははやこひしなましをあひ見むとたのめし事ぞいのちなりける
613,みつね_614,たのめつつあはで年ふるいつはりにこりぬ心を人はしらなむ
614,とものり_615,いのちやはなにぞはつゆのあだ物をあふにしかへばをしからなくに
615,在原業平朝臣_616,"やよひのついたちよりしのびに人にものらいひての   
ちに、雨のそほふりけるによみてつかはしける"
616,としゆきの朝臣_617,"なりひらの朝臣の家に侍りける女のもとによみてつ   
かはしける"
617,なりひらの朝臣_618,"かの女にかはりて返しによめる
あさみこそ袖はひつらめ涙河身さへ流るときかばたのまむ"
618,よみ人しらず_619,"題しらず
よるべなみ身をこそとほくへだてつれ心は君が影となりにき"
619,_620,いたづらに行きてはきぬるものゆゑに見まくほしさにいざなはれつつ
620,_621,あはぬ夜のふる白雪とつもりなば我さへともにけぬべきものを
621,なりひらの朝臣_622,秋ののにささわけしあさの袖よりもあはでこしよぞひちまさりける
622,をののこまち_623,見るめなきわが身をうらとしらねばやかれなであまのあしたゆくくる
623,源むねゆきの朝臣_624,あはずしてこよひあけなば春の日の長くや人をつらしと思はむ
624,みぶのただみね_625,有りあけのつれなく見えし別より暁ばかりうき物はなし
625,在原元方_626,逢ふ事のなぎさにしよる浪なれば怨みてのみぞ立ち帰りける
626,よみ人しらず_627,かねてより風にさきだつ浪なれや逢ふ事なきにまだき立つらむ
627,ただみね_628,みちのくに有りといふなるなとり河なきなとりてはくるしかりけり
628,みはるのありすけ_629,あやなくてまだきなきなのたつた河わたらでやまむ物ならなくに
629,もとかた_630,人はいさ我はなきなのをしければ昔も今もしらずとをいはむ
630,よみ人しらず_631,こりずまに又もなきなはたちぬべし人にくからぬ世にしすまへば
631,なりひらの朝臣_632,"ひむがしの五条わたりに人をしりおきてまかりかよ   
ひけり、しのびなる所なりければかどよりしもえいらで、かきのくづれよりかよひける   
を、たびかさなりければあるじききつけて、かのみちに夜ごとに人をふせてまもらすれ   
ば、いきけれどえあはでのみかへりてよみてやりける"
632,つらゆき_633,"題しらず
しのぶれどこひしき時はあしひきの山より月のいでてこそくれ"
633,よみ人しらず_634,こひこひてまれにこよひぞ相坂のゆふつけ鳥はなかずもあらなむ
634,をののこまち_635,秋の夜も名のみなりけりあふといへば事ぞともなくあけぬるものを
635,凡河内みつね_636,ながしとも思ひぞはてぬ昔より逢ふ人からの秋のよなれば
636,よみ人しらず_637,しののめのほがらほがらとあけゆけばおのがきぬぎぬなるぞかなしき
637,藤原国経朝臣_638,曙ぬとて今はの心つくからになどいひしらぬ思ひそふらむ
638,としゆきの朝臣_639,"寛平御時きさいの宮の哥合のうた
あけぬとてかへる道にはこきたれて雨も涙もふりそほちつつ"
639,寵_640,"題しらず
しののめの別ををしみ我ぞまづ鳥よりさきに鳴きはじめつる"
640,よみ人しらず_641,ほととぎす夢かうつつかあさつゆのおきて別れし暁のこゑ
641,_642,玉匣あけば君がなたちぬべみ夜ふかくこしを人見けむかも
642,大江千里_643,けさはしもおきけむ方もしらざりつ思ひいづるぞきえてかなしき
643,なりひらの朝臣_644,"人にあひてあしたによみてつかはしける
ねぬる夜の夢をはかなみまどろめばいやはかなにもなりまさるかな"
644,よみ人しらず_645,"業平朝臣の伊勢のくににまかりたりける時、斎宮な   
りける人にいとみそかにあひて、又のあしたに人やるすべなくて思ひをりけるあひだ   
に、女のもとよりおこせたりける"
645,なりひらの朝臣_646,"返し
かきくらす心のやみに迷ひにき夢うつつとは世人さだめよ"
646,よみ人しらず_647,"題しらず
むばたまのやみのうつつはさだかなる夢にいくらもまさらざりけり"
647,_648,さ夜ふけてあまのと渡る月影にあかずも君をあひ見つるかな
648,_649,君が名もわがなもたてじなにはなるみつともいふなあひきともいはじ
649,_650,名とり河せぜのむもれ木あらはれば如何にせむとかあひ見そめけむ
650,_651,吉野河水の心ははやくともたきのおとにはたてじとぞ思ふ
651,_652,こひしくはしたにをおもへ紫のねずりの衣色にいづなゆめ
652,をののはるかぜ_653,花すすきほにいでてこひば名ををしみしたゆふひものむすぼほれつつ
653,よみ人しらず_654,"たちばなのきよきがしのびにあひしれりける女のも   
とよりおこせたりける"
654,たちばなのきよ木_655,"返し
なきこふる涙に袖のそほちなばぬぎかへがてらよるこそはきめ"
655,こまち_656,"題しらず
うつつにはさもこそあらめ夢にさへ人めをよくと見るがわびしさ"
656,_657,限なき思ひのままによるもこむゆめぢをさへに人はとがめじ
657,_658,夢ぢにはあしもやすめずかよへどもうつつにひとめ見しごとはあらず
658,よみ人しらず_659,おもへども人めづつみのたかければ河と見ながらえこそわたらね
659,_660,たきつせのはやき心をなにしかも人めづつみのせきとどむらむ
660,きのとものり_661,"寛平御時きさいの宮の哥合のうた
紅の色にはいでじかくれぬのしたにかよひてこひはしぬとも"
661,みつね_662,"題しらず
冬の池にすむにほ鳥のつれもなくそこにかよふと人にしらすな"
662,_663,ささのはにおくはつしもの夜をさむみしみはつくとも色にいでめや
663,読人しらず_664,山しなのおとはの山のおとにだに人のしるべくわがこひめかも
664,清原ふかやぶ_665,みつしほの流れひるまをあひがたみみるめの浦によるをこそまて
665,平貞文_666,白河のしらずともいはじそこきよみ流れて世世にすまむと思へば
666,とものり_667,したにのみこふればくるし玉のをのたえてみだれむ人なとがめそ
667,_668,わがこひをしのびかねてはあしひきの山橘の色にいでぬべし
668,よみ人しらず_669,おほかたはわが名もみなとこぎいでなむ世をうみべたに見るめすくなし
669,平貞文_670,枕より又しる人もなきこひを涙せきあへずもらしつるかな
670,よみ人しらず_671,風ふけば浪打つ岸の松なれやねにあらはれてなきぬべらなり
671,_672,池にすむ名ををし鳥の水をあさみかくるとすれどあらはれにけり
672,_673,逢ふ事は玉の緒ばかり名のたつは吉野の河のたきつせのごと
673,_674,むらとりのたちにしわが名今更にことなしふともしるしあらめや
674,_675,君によりわがなは花に春霞野にも山にもたちみちにけり
675,伊勢_676,しるといへば枕だにせでねし物をちりならぬなのそらにたつらむ
676,よみ人しらず_677,"題しらず
みちのくのあさかのぬまの花かつみかつ見る人にこひやわたらむ"
677,_678,あひ見ずはこひしきこともなからましおとにぞ人をきくべかりける
678,つらゆき_679,いその神ふるのなか道なかなかに見ずはこひしと思はましやは
679,ふぢはらのただゆき_680,君てへば見まれ見ずまれふじのねのめづらしげなくもゆるわがこひ
680,伊勢_681,夢にだに見ゆとは見えじあさなあさなわがおもかげにはづる身なれば
681,よみ人しらず_682,いしま行く水の白浪立ち帰りかくこそは見めあかずもあるかな
682,_683,いせのあまのあさなゆふなにかづくてふ見るめに人をあくよしもがな
683,とものり_684,春霞たなびく山のさくら花見れどもあかぬ君にもあるかな
684,ふかやぶ_685,心をぞわりなき物と思ひぬる見る物からやこひしかるべき
685,凡河内みつね_686,かれはてむのちをばしらで夏草の深くも人のおもほゆるかな
686,よみ人しらず_687,あすかがはふちはせになる世なりとも思ひそめてむ人はわすれじ
687,_688,"寛平御時きさいの宮の哥合のうた
思ふてふ事のはのみや秋をへて色もかはらぬ物にはあるらむ"
688,_689,"題しらず
さむしろに衣かたしきこよひもや我をまつらむうぢのはしひめ"
689,_690,君やこむ我やゆかむのいさよひにまきのいたどもささずねにけり
690,そせいほうし_691,今こむといひしばかりに長月のありあけの月をまちいでつるかな
691,よみ人しらず_692,月夜よしよよしと人につげやらばこてふににたりまたずしもあらず
692,_693,君こずはねやへもいらじこ紫わがもとゆひにしもはおくとも
693,_694,宮木ののもとあらのこはぎつゆをおもみ風をまつごときみをこそまて
694,_695,あなこひし今も見てしか山がつのかきほにさける山となでしこ
695,_696,つのくにのなにはおもはず山しろのとはにあひ見むことをのみこそ
696,つらゆき_697,しきしまややまとにはあらぬ唐衣ころもへずしてあふよしもがな
697,ふかやぶ_698,こひしとはたがなづけけむことならむしぬとぞただにいふべかりける
698,よみびとしらず_699,三吉野のおほかはのべの藤波のなみにおもはばわがこひめやは
699,_700,かくこひむ物とは我も思ひにき心のうらぞまさしかりける
700,_701,あまのはらふみとどろかしなる神も思ふなかをばさくるものかは
701,_702,梓弓ひきののつづらすゑつひにわが思ふ人に事のしげけむ
702,_703,夏びきのてびきのいとをくりかへし事しげくともたえむと思ふな
703,_704,さと人の事は夏ののしげくともかれ行くきみにあはざらめやは
704,在原業平朝臣_705,"藤原敏行朝臣の、なりひらの朝臣の家なりける女を   
あひしりてふみつかはせりけることばに、いままうでく、あめのふりけるをなむ見わづ   
らひ侍るといへりけるをききて、かの女にかはりてよめりける"
705,よみ人しらず_706,"ある女の、なりひらの朝臣をところさだめずありき   
すとおもひて、よみてつかはしける"
706,なりひらの朝臣_707,"返し
おほぬさと名にこそたてれながれてもつひによるせはありてふものを"
707,よみ人しらず_708,"題しらず
すまのあまのしほやく煙風をいたみおもはぬ方にたなびきにけり"
708,_709,たまがつらはふ木あまたになりぬればたえぬ心のうれしげもなし
709,_710,たがさとに夜がれをしてか郭公ただここにしもねたるこゑする
710,_711,いで人は事のみぞよき月草のうつし心はいろことにして
711,_712,いつはりのなき世なりせばいかばかり人のことのはうれしからまし
712,_713,いつはりと思ふものから今さらにたがまことをか我はたのまむ
713,素性法師_714,秋風に山のこのはのうつろへば人の心もいかがとぞ思ふ
714,とものり_715,"寛平御時きさいの宮の哥合のうた
蝉のこゑきけばかなしな夏衣うすくや人のならむと思へば"
715,よみ人しらず_716,"題しらず
空蝉の世の人ごとのしげければわすれぬもののかれぬべらなり"
716,_717,あかでこそおもはむなかははなれなめそをだにのちのわすれがたみに
717,_718,忘れなむと思ふ心のつくからに有りしよりけにまづぞこひしき
718,_719,わすれなむ我をうらむな郭公人の秋にはあはむともせず
719,_720,たえずゆくあすかの河のよどみなば心あるとや人のおもはむ
720,_721,よど河のよどむと人は見るらめど流れてふかき心あるものを
721,そせい法し_722,そこひなきふちやはさわぐ山河のあさきせにこそあだなみはたて
722,よみ人しらず_723,紅のはつ花ぞめの色ふかく思ひし心我わすれめや
723,河原左大臣_724,みちのくのしのぶもぢずりたれゆゑにみだれむと思ふ我ならなくに
724,よみ人しらず_725,おもふよりいかにせよとか秋風になびくあさぢの色ことになる
725,_726,千千の色にうつろふらめどしらなくに心し秋のもみぢならねば
726,小野小町_727,あまのすむさとのしるべにあらなくに怨みむとのみ人のいふらむ
727,しもつけのをむね_728,くもり日の影としなれる我なればめにこそ見えね身をばはなれず
728,つらゆき_729,色もなき心を人にそめしよりうつろはむとはおもほえなくに
729,よみ人しらず_730,めづらしき人を見むとやしかもせぬわがしたひものとけわたるらむ
730,_731,かげろふのそれかあらぬか春雨のふる日となればそでぞぬれぬる
731,_732,ほり江こぐたななしを舟こぎかへりおなじ人にやこひわたりなむ
732,伊勢_733,わたつみとあれにしとこを今便にはらはばそでやあわとうきなむ
733,つらゆき_734,いにしへに猶立ち帰る心かなこひしきことに物わすれせで
734,大伴くろぬし_735,"人をしのびにあひしりてあひがたくありければ、そ   
の家のあたりをまかりありきけるをりに、かりのなくをききてよみてつかはしける"
735,典侍藤原よるかの朝臣_736,"右のおほいまうちぎみすまずなりにければ、かのむ   
かしおこせたりけるふみどもを、とりあつめて返すとてよみておくりける"
736,近院の右のおほいまうちぎみ_737,"返し
今はとてかへす事のはひろひおきておのが物からかたみとや見む"
737,よるかの朝臣_738,"題しらず
たまほこの道はつねにもまどはなむ人をとふとも我かとおもはむ"
738,よみ人しらず_739,まてといはばねてもゆかなむしひて行くこまのあしをれまへのたなはし
739,閑院_740,"中納言源ののぼるの朝臣のあふみのすけに侍りける   
時、よみてやれりける"
740,伊勢_741,"題しらず
ふるさとにあらぬ物からわがために人の心のあれて見ゆらむ"
741,寵_742,山がつのかきほにはへるあをつづら人はくれどもことづてもなし
742,さかゐのひとざね_743,おほぞらはこひしき人のかたみかは物思ふごとにながめらるらむ
743,読人しらず_744,あふまでのかたみも我はなにせむに見ても心のなぐさまなくに
744,おきかぜ_745,"おやのまもりける人のむすめにいとしのびにあひて   
ものらいひけるあひだに、おやのよぶといひければ、いそぎかへるとてもをなむぬぎお   
きていりにける、そののちもをかへすとてよめる"
745,よみ人しらず_746,"題しらず
かたみこそ今はあたなれこれなくはわするる時もあらましものを"
746,在原業平朝臣_747,"五条のきさいの宮のにしのたいにすみける人に、ほ   
いにはあらでものいひわたりけるを、む月のとをかあまりになむほかへかくれにける、   
あり所はききけれどえ物もいはで、又のとしのはる、むめの花さかりに月のおもしろか   
りける夜、こぞをこひてかのにしのたいにいきて、月のかたぶくまであばらなるいたじ   
きにふせりてよめる"
747,藤原なかひらの朝臣_748,"題しらず
花すすき我こそしたに思ひしかほにいでて人にむすばれにけり"
748,藤原かねすけの朝臣_749,よそにのみきかまし物をおとは河渡るとなしに見なれそめけむ
749,凡河内みつね_750,わがごとく我をおもはむ人もがなさてもやうきと世を心見む
750,もとかた_751,久方のあまつそらにもすまなくに人はよそにぞ思ふべらなる
751,よみびとしらず_752,見ても又またも見まくのほしければなるるを人はいとふべらなり
752,きのとものり_753,雲もなくなぎたるあさの我なれやいとはれてのみ世をばへぬらむ
753,よみ人しらず_754,花がたみめならぶ人のあまたあればわすられぬらむかずならぬ身は
754,_755,うきめのみおひて流るる浦なればかりにのみこそあまはよるらめ
755,伊勢_756,あひにあひて物思ふころのわが袖にやどる月さへぬるるかほなる
756,よみ人しらず_757,秋ならでおく白露はねざめするわがた枕のしづくなりけり
757,_758,すまのあまのしほやき衣をさをあらみまどほにあれや君がきまさぬ
758,_759,山しろのよどのわかごもかりにだにこぬ人たのむ我ぞはかなき
759,_760,あひ見ねばこひこそまされみなせ河なににふかめて思ひそめけむ
760,_761,暁のしぎのはねがきももはがき君がこぬ夜は我ぞかずかく
761,_762,玉かづら今はたゆとや吹く風のおとにも人のきこえざるらむ
762,_763,わが袖にまだき時雨のふりぬるは君が心に秋やきぬらむ
763,_764,山の井の浅き心もおもはぬに影ばかりのみ人の見ゆらむ
764,_765,忘草たねとらましを逢ふ事のいとかくかたき物としりせば
765,_766,こふれども逢ふ夜のなきは忘草夢ぢにさへやおひしげるらむ
766,_767,夢にだにあふ事かたくなりゆくは我やいをねぬ人やわするる
767,けむげい法し_768,もろこしも夢に見しかばちかかりきおもはぬ中ぞはるけかりける
768,さだののぼる_769,独のみながめふるやのつまなれば人を忍ぶの草ぞおひける
769,僧正へんぜう_770,わがやどは道もなきまであれにけりつれなき人をまつとせしまに
770,_771,今こむといひてわかれし朝より思ひくらしのねをのみぞなく
771,よみ人しらず_772,こめやとは思ふ物からひぐらしのなくゆふぐれはたちまたれつつ
772,_773,今しはとわびにし物をささがにの衣にかかり我をたのむる
773,_774,いまはこじと思ふ物から忘れつつまたるる事のまだもやまぬか
774,_775,月よにはこぬ人またるかきくもり雨もふらなむわびつつもねむ
775,_776,うゑていにし秋田かるまで見えこねばけさはつかりのねにぞなきぬる
776,_777,こぬ人を松ゆふぐれの秋風はいかにふけばかわびしかるらむ
777,_778,ひさしくもなりにけるかなすみのえの松はくるしき物にぞありける
778,かねみのおほきみ_779,住の江の松ほどひさになりぬればあしたづのねになかぬ日はなし
779,伊勢_780,"仲平朝臣あひしりて侍りけるを、かれ方になりにけ   
れば、ちちがやまとのかみに侍りけるもとへまかるとてよみてつかはしける"
780,雲林院のみこ_781,"題しらず
吹きまよふ野風をさむみ秋はぎのうつりも行くか人の心の"
781,をののこまち_782,今はとてわが身時雨にふりぬれば事のはさへにうつろひにけり
782,小野さだき_783,"返し
人を思ふ心のこのはにあらばこそ風のまにまにちりもみだれめ"
783,_784,"業平朝臣、きのありつねがむすめにすみけるを、   
うらむることありて、しばしのあひだひるはきてゆふさりはかへりのみしければ、よ   
みてつかはしける"
784,なりひらの朝臣_785,"返し
ゆきかへりそらにのみしてふる事はわがゐる山の風はやみなり"
785,かげのりのおほきみ_786,"題しらず
唐衣なれば身にこそまつはれめかけてのみやはこひむと思ひし"
786,とものり_787,秋風は身をわけてしもふかなくに人の心のそらになるらむ
787,源宗于朝臣_788,つれもなくなりゆく人の事のはぞ秋よりさきのもみぢなりける
788,兵衛_789,"心地そこなへりけるころ、あひしりて侍りける人の   
とはで、ここちおこたりてのちとぶらへりければ、よみてつかはしける"
789,こまちがあね_790,"あひしれりける人の、やうやくかれがたになりける   
あひだに、やけたるちのはにふみをさしてつかはせりける"
790,伊勢_791,"物おもひけるころ、ものへまかりけるみちに野火の   
もえけるを見てよめる"
791,とものり_792,"題しらず
水のあわのきえてうき身といひながら流れて猶もたのまるるかな"
792,よみ人しらず_793,みなせ河有りて行く水なくはこそつひにわが身をたえぬと思はめ
793,みつね_794,吉野河よしや人こそつらからめはやくいひてし事はわすれじ
794,よみ人しらず_795,世中の人の心は花ぞめのうつろひやすき色にぞありける
795,_796,心こそうたてにくけれそめざらばうつろふ事もをしからましや
796,小野小町_797,色見えでうつろふ物は世中の人の心の花にぞ有りける
797,よみ人しらず_798,我のみや世をうくひずとなきわびむ人の心の花とちりなば
798,そせい法し_799,思ふともかれなむ人をいかがせむあかずちりぬる花とこそ見め
799,よみ人しらず_800,今はとて君がかれなばわがやどの花をばひとり見てやしのばむ
800,むねゆきの朝臣_801,忘草かれもやするとつれもなき人の心にしもはおかなむ
801,そせい法し_802,"寛平御時御屏風に哥かかせ給ひける時、よみてかき   
ける"
802,_803,"題しらず
秋の田のいねてふ事もかけなくに何をうしとか人のかるらむ"
803,きのつらゆき_804,はつかりのなきこそわたれ世中の人の心の秋しうければ
804,よみ人しらず_805,あはれともうしとも物を思ふ時などか涙のいとなかるらむ
805,_806,身をうしと思ふにきえぬ物なればかくてもへぬるよにこそ有りけれ
806,典侍藤原直子朝臣_807,あまのかるもにすむむしの我からとねをこそなかめ世をばうら見じ
807,いなば_808,あひ見ぬもうきもわが身のから衣思ひしらずもとくるひもかな
808,すがののただおむ_809,"寛平御時きさいの宮の哥合のうた
つれなきを今はこひじとおもへども心よわくもおつる涙か"
809,伊勢_810,"題しらず
人しれずたえなましかばわびつつもなき名ぞとだにいはましものを"
810,よみ人しらず_811,それをだに思ふ事とてわがやどを見きとないひそ人のきかくに
811,_812,逢ふ事のもはらたえぬる時にこそ人のこひしきこともしりけれ
812,_813,わびはつる時さへ物の悲しきはいづこをしのぶ涙なるらむ
813,藤原おきかぜ_814,怨みてもなきてもいはむ方ぞなきかがみに見ゆる影ならずして
814,よみ人しらず_815,夕されば人なきとこを打ちはらひなげかむためとなれるわがみか
815,_816,わたつみのわが身こす浪立ち返りあまのすむてふうらみつるかな
816,_817,あらを田をあらすきかへしかへしても人の心を見てこそやまめ
817,_818,有そ海の浜のまさごとたのめしは忘るる事のかずにぞ有りける
818,_819,葦辺より雲ゐをさして行く雁のいやとほざかるわが身かなしも
819,_820,しぐれつつもみづるよりも事のはの心の秋にあふぞわびしき
820,_821,秋風のふきとふきぬるむさしのはなべて草ばの色かはりけり
821,小町_822,あきかぜにあふたのみこそかなしけれわが身むなしくなりぬと思へば
822,平貞文_823,秋風の吹きうらがへすくずのはのうらみても猶うらめしきかな
823,よみ人しらず_824,あきといへばよそにぞききしあだ人の我をふるせる名にこそ有りけれ
824,_825,わすらるる身をうぢはしの中たえて人もかよはぬ年ぞへにける
825,坂上これのり_826,あふ事をながらのはしのながらへてこひ渡るまに年ぞへにける
826,とものり_827,うきながらけぬるあわともなりななむ流れてとだにたのまれぬ身は
827,読人しらず_828,流れては妹背の山のなかにおつるよしのの河のよしや世中
828,小町たかむらの朝臣_829,"いもうとの身まかりける時よみける
なく涙雨とふらなむわたり河水まさりなばかへりくるがに"
829,そせい法し_830,"さきのおほきおほいまうちぎみを、しらかはのあた   
りにおくりける夜よめる"
830,僧都勝延_831,"ほりかはのおほきおほいまうち君、身まかりにける   
時に、深草の山にをさめてけるのちによみける"
831,かむつけのみねを_832,ふかくさののべの桜し心あらばことしばかりはすみぞめにさけ
832,きのとものり_833,"藤原敏行朝臣の身まかりにける時によみてかの家に   
つかはしける"
833,紀つらゆき_834,"あひしれりける人の身まかりにければよめる
夢とこそいふべかりけれ世中にうつつある物と思ひけるかな"
834,みぶのただみね_835,"あひしれりける人のみまかりにける時によめる
ぬるがうちに見るをのみやは夢といはむはかなき世をもうつつとはみ   
ず"
835,_836,"あねの身まかりにける時によめる
せをせけばふちとなりてもよどみけりわかれをとむるしがらみぞなき"
836,閑院_837,"藤原忠房がむかしあひしりて侍りける人の身まかり   
にける時に、とぶらひにつかはすとてよめる"
837,つらゆき_838,"きのとものりが身まかりにける時よめる
あすしらぬわが身とおもへどくれぬまのけふは人こそかなしかりけれ"
838,ただみね_839,時しもあれ秋やは人のわかるべきあるを見るだにこひしきものを
839,凡河内みつね_840,"ははがおもひにてよめる
神な月時雨にぬるるもみぢばはただわび人のたもとなりけり"
840,ただみね_841,"ちちがおもひにてよめる
ふぢ衣はつるるいとはわび人の涙の玉のをとぞなりける"
841,つらゆき_842,"おもひに侍りけるとしの秋、山でらへまかりけるみ   
ちにてよめる"
842,_843,おもひに侍りける人をとぶらひにまかりてよめる
843,よみ人しらず_844,"女のおやのおもひにて山でらに侍りけるを、ある人   
のとぶらひつかはせりければ、返事によめる"
844,たかむらの朝臣_845,"諒闇の年池のほとりの花を見てよめる
水のおもにしづく花の色さやかにも君がみかげのおもほゆるかな"
845,文屋やすひで_846,"深草のみかどの御国忌の日よめる
草ふかき霞の谷に影かくしてるひのくれしけふにやはあらぬ"
846,僧正偏昭_847,"ふかくさのみかどの御時に、蔵人頭にてよるひるな   
れつかうまつりけるを、諒闇になりにければ、さらに世にもまじらずしてひえの山にの   
ぼりてかしらおろしてけり、その又のとし、みなひと御ぶくぬぎて、あるはかうぶりた   
まはりなどよろこびけるをききてよめる"
847,近院右のおほいまうちぎみ_848,"河原のおほいまうちぎみの身まかりての秋、かの家   
のほとりをまかりけるに、もみぢのいろまだふかくもならざりけるを見てよみていれた   
りける"
848,つらゆき_849,"藤原たかつねの朝臣の身まかりての又のとしの夏、   
ほととぎすのなきけるをききてよめる"
849,きのもちゆき_850,"さくらをうゑてありけるに、やうやく花さきぬべき   
時に、かのうゑける人身まかりにければ、その花を見てよめる"
850,つらゆき_851,あるじ身まかりにける人の家の梅花を見てよめる
851,みはるのありすけ_853,"藤原のとしもとの朝臣の右近中将にてすみ侍りける   
ざうしの、身まかりてのち人もすまずなりにけるを、秋の夜ふけてものよりまうできけ   
るついでに見いれければ、もとありしせんざいもいとしげくあれたりけるを見て、はや   
くそこに侍りければむかしを思ひやりてよみける"
852,とものり_854,"これたかのみこの、ちちの侍りけむ時によめりけむ   
うたどもとこひければ、かきておくりけるおくによみてかけりける"
853,よみ人しらず_855,"題しらず
なき人のやどにかよはば郭公かけてねにのみなくとつげなむ"
854,_856,誰見よと花さけるらむ白雲のたつのとはやくなりにし物を
855,_857,"式部卿のみこ閑院の五のみこにすみわたりけるを、   
いくばくもあらで女みこの身まかりにける時に、かのみこすみける帳のかたびらのひも   
にふみをゆひつけたりけるをとりて見れば、むかしのてにてこのうたをなむかきつけた   
りける"
856,よみ人しらず_858,"をとこの人のくににまかれりけるまに、女にはかに   
やまひをして、いとよわくなりにける時よみおきて身まかりにける"
857,大江千里_859,"やまひにわづらひ侍りける秋、心地のたのもしげな   
くおぼえければよみて人のもとにつかはしける"
858,藤原これもと_860,"身まかりなむとてよめる
つゆをなどあだなる物と思ひけむわが身も草におかぬばかりを"
859,なりひらの朝臣_861,"やまひしてよわくなりにける時よめる
つひにゆくみちとはかねてききしかどきのふけふとはおもはざりしを"
860,在原しげはる_862,"かひのくににあひしりて侍りける人とぶらはむとて   
まかりけるを、みち中にてにはかにやまひをして、いまいまとなりにければ、よみて京   
にもてまかりて母に見せよといひて、人につけ侍りけるうた"
861,よみ人しらず_863,"題しらず
わがうへに露ぞおくなるあまの河をわたる舟のかいのしづくか"
862,_864,思ふどちまとゐせる夜は唐錦たたまくをしき物にぞありける
863,_865,うれしきをなににつつまむ唐衣たもとゆたかにたてといはましを
864,_866,限なき君がためにとをる花はときしもわかぬ物にぞ有りける
865,_867,紫のひともとゆゑにむさしのの草はみながらあはれとぞ見る
866,なりひらの朝臣_868,"めのおとうとをもて侍りける人に、うへのきぬをお   
くるとてよみてやりける"
867,近院右のおほいまうちぎみ_869,"大納言ふぢはらのくにつねの朝臣の、宰相より中納   
言になりける時、そめぬうへのきぬあやをおくるとてよめる"
868,ふるのいまみち_870,"いそのかみのなむまつが宮づかへもせでいその神と   
いふ所にこもり侍りけるを、にはかにかうぶりたまはれりければ、よろこびいひつか   
はすとてよみてつかはしける"
869,なりひらの朝臣_871,"二条のきさきのまだ東宮のみやすんどころと申しけ   
る時に、おほはらのにまうでたまひける日よめる"
870,よしみねのむねさだ_872,"五節のまひひめを見てよめる
あまつかぜ雲のかよひぢ吹きとぢよをとめのすがたしばしとどめむ"
871,河原の左のおほいまうちぎみ_873,"五せちのあしたにかむざしのたまのおちたりけるを   
見て、たがならむととぶらひてよめる"
872,としゆきの朝臣_874,"寛平御時うへのさぶらひに侍りけるをのこども、か   
めをもたせてきさいの宮の御方におほみきのおろしときこえにたてまつりたりけるを、   
くら人どもわらひて、かめをおまへにもていでてともかくもいはずなりにければ、つか   
ひのかへりきて、さなむありつるといひければ、くら人のなかにおくりける"
873,けむげいほうし_875,"女どもの見てわらひければよめる
かたちこそみ山がくれのくち木なれ心は花になさばなりなむ"
874,きのとものり_876,"方たがへに人の家にまかれりける時に、あるじのき   
ぬをきせたりけるを、あしたにかへすとてよみける"
875,よみ人しらず_877,"題しらず
おそくいづる月にもあるかな葦引の山のあなたもをしむべらなり"
876,_878,わが心なぐさめかねつさらしなやをばすて山にてる月を見て
877,なりひらの朝臣_879,おほかたは月をもめでじこれぞこのつもれば人のおいとなるもの
878,きのつらゆき_880,"月おもしろしとて凡河内躬恒がまうできたりけるに   
よめる"
879,_881,"池に月の見えけるをよめる
ふたつなき物と思ひしをみなそこに山のはならでいづる月かげ"
880,よみ人しらず_882,"題しらず
あまの河雲のみをにてはやければひかりとどめず月ぞながるる"
881,_883,あかずして月のかくるる山本はあなたおもてぞこひしかりける
882,なりひらの朝臣_884,"これたかのみこのかりしけるともにまかりて、やど   
りにかへりて夜ひとよさけをのみ、物がたりをしけるに、十一日の月もかくれなむとし   
けるをりに、みこゑひてうちへいりなむとしければよみ侍りける"
883,あま敬信_885,"田むらのみかどの御時に、斎院に侍りけるあきらけ   
いこのみこを、ははあやまちありといひて斎院をかへられむとしけるを、そのことやみ   
にければよめる"
884,よみ人しらず_886,"題しらず
いその神ふるからをののもとかしは本の心はわすられなくに"
885,_887,いにしへの野中のし水ぬるけれど本の心をしる人ぞくむ
886,_888,いにしへのしづのをだまきいやしきもよきもさかりは有りし物なり
887,_889,今こそあれ我も昔はをとこ山さかゆく時も有りこしものを
888,_890,世中にふりぬる物はつのくにのながらのはしと我となりけり
889,_891,ささのはにふりつむ雪のうれをおもみ本くだちゆくわがさかりはも
890,_892,おほあらきのもりのした草おいぬれば駒もすさめずかる人もなし
891,_893,かぞふればとまらぬ物を年といひてことしはいたくおいぞしにける
892,_894,おしてるやなにはの水にやくしほのからくも我はおいにけるかな
893,_895,おいらくのこむとしりせばかどさしてなしとこたへてあはざらましを
894,_896,さかさまに年もゆかなむとりもあへずすぐるよはひやともにかへると
895,_897,とりとむる物にしあらねば年月をあはれあなうとすぐしつるかな
896,_898,"とどめあへずむべもとしとはいはれけりしかもつれなくすぐるよはひ   
か"
897,_899,鏡山いざ立ちよりて見てゆかむ年へぬる身はおいやしぬると
898,_900,"業平朝臣のははのみこ長岡にすみ侍りける時に、な   
りひら宮づかへすとて、時時もえまかりとぶらはず侍りければ、しはすばかりにははの   
みこのもとより、とみの事とてふみをもてまうできたり、あけて見ればことばはなくて   
ありけるうた"
899,なりひらの朝臣_901,"返し
世中にさらぬ別のなくもがな千世もとなげく人のこのため"
900,在原むねやな_902,"寛平御時きさいの宮の哥合のうた
白雪のやへふりしけるかへる山かへるがへるもおいにけるかな"
901,としゆきの朝臣_903,"おなじ御時のうへのさぶらひにてをのこどもにおほ   
みきたまひて、おほみあそびありけるついでにつかうまつれる"
902,よみ人しらず_904,"題しらず
ちはやぶる宇治の橋守なれをしぞあはれとは思ふ年のへぬれば"
903,_905,我見てもひさしく成りぬ住の江の岸の姫松いくよへぬらむ
904,_906,住吉の岸のひめ松人ならばいく世かへしととはましものを
905,_907,梓弓いそべのこ松たが世にかよろづ世かねてたねをまきけむ
906,_908,かくしつつ世をやつくさむ高砂のをのへにたてる松ならなくに
907,藤原おきかぜ_909,誰をかもしる人にせむ高砂の松も昔の友ならなくに
908,よみ人しらず_910,わたつ海のおきつしほあひにうかぶあわのきえぬ物からよる方もなし
909,_911,わたつ海のかざしにさせる白砂の浪もてゆへる淡路しま山
910,_912,わたの原よせくる浪のしばしばも見まくのほしき玉津島かも
911,_913,なにはがたしほみちくらしあま衣たみのの島にたづなき渡る
912,藤原ただふさ_914,"貫之がいづみのくにに侍りける時に、やまとよりこ   
えまうできてよみてつかはしける"
913,つらゆき_915,"返し
おきつ浪たかしのはまの浜松の名にこそ君をまちわたりつれ"
914,_916,"なにはにまかれりける時よめる
なにはがたおふるたまもをかりそめのあまとぞ我はなりぬべらなる"
915,みぶのただみね_917,"あひしれりける人の住吉にまうでけるによみてつか   
はしける"
916,つらゆき_918,"なにはへまかりける時、たみののしまにて雨にあひ   
てよめる"
917,_919,"法皇にし河おはしましたりける日、つるすにたてり   
といふことを題にてよませたまひける"
918,伊勢_920,"中務のみこの家の池に舟をつくりておろしはじめて   
あそびける日、法皇御覧じにおはしましたりけり、ゆふさりつかたかへりおはしまさむ   
としけるをりによみてたてまつりける"
919,真せいほうし_921,"からことといふ所にてよめる
宮こまでひびきかよへるからことは浪のをすげて風ぞひきける"
920,在原行平朝臣_922,"ぬのびきのたきにてよめる
こきちらす滝の白玉ひろひおきて世のうき時の涙にぞかる"
921,なりひらの朝諏_923,"布引の滝の本にて人人あつまりて哥よみける時によ   
める"
922,承均法師_924,"よしののたきを見てよめる
たがためにひきてさらせるぬのなれや世をへて見れどとる人もなき"
923,神たい法し_925,"題しらず
きよたきのせぜのしらいとくりためて山わけ衣おりてきましを"
924,伊勢_926,"竜門にまうでてたきのもとにてよめる
たちぬはぬきぬきし人もなき物をなに山姫のぬのさらすらむ"
925,たちばなのながもり_927,"朱雀院のみかどぬのびきのたき御覧ぜむとてふん月   
のなぬかの日あはしましてありける時に、さぶらふ人人に哥よませたまひけるによめる"
926,ただみね_928,"ひえの山なるおとはのたきを見てよめる
おちたぎつたきのみなかみとしつもりおいにけらしなくろきすぢなし"
927,みつね_929,"おなじたきをよめる
風ふけど所もさらぬ白雲はよをへておつる水にぞ有りける"
928,三条の町_930,"田むらの御時に女房のさぶらひにて御屏風のゑ御覧   
じけるに、たきおちたりける所おもしろし、これを題にてうたよめとさぶらふ人におほ   
せられければよめる"
929,つらゆき_931,"屏風のゑなる花をよめる
さきそめし時よりのちはうちはへて世は春なれや色のつねなる"
930,坂上これのり_932,"屏風のゑによみあはせてかきける
かりてほす山田のいねのきたれてなきこそわたれ秋のうければ"
931,読人しらず_933,"題しらず
世中はなにかつねなるあすかがはきのふのふちぞけふはせになる"
932,_934,いく世しもあらじわが身をなぞもかくあまのかるもに思ひみだるる
933,_935,雁のくる峯の朝霧はれずのみ思ひつきせぬ世中のうさ
934,小野たかむらの朝臣_936,しかりとてそむかれなくに事しあればまづなげかれぬあなう世中
935,をののさだき_937,"かひのかみに侍りける時、京へまかりのぼりける人   
につかはしける"
936,小野小町_938,"文屋のやすひでみかはのぞうになりて、あがた見に   
はえいでたたじやといひやれりける返事によめる"
937,_939,"題しらず
あはれてふ事こそうたて世中を思ひはなれぬほだしなりけれ"
938,よみ人しらず_940,あはれてふ事のはごとにおくつゆは昔をこふる涙なりけり
939,_941,世中のうきもつらきもつげなくにまづしる物はなみだなりけり
940,_942,世中は夢かうつつかうつつとも夢ともしらず有りてなければ
941,_943,"よのなかにいづらわが身のありてなしあはれとやいはむあなうとやい   
はむ"
942,_944,山里は物の惨慄き事こそあれ世のうきよりはすみよかりけり
943,これたかのみこ_945,白雲のたえずたなびく岑にだにすめばすみぬる世にこそ有りけれ
944,ふるのいまみち_946,しりにけむききてもいとへ世中は浪のさわぎに風ぞしくめる
945,そせい_947,いづこにか世をばいとはむ心こそのにも山にもまどふべらなれ
946,よみ人しらず_948,世中は昔よりやはうかりけむわが身ひとつのためになれるか
947,_949,世中をいとふ山べの草木とやあなうの花の色にいでにけむ
948,_950,みよしのの山のあなたにやどもがな世のうき時のかくれがにせむ
949,_951,世にふればうさこそまされみよしののいはのかけみちふみならしてむ
950,_952,いかならむ巌の中にすまばかは世のうき事のきこえこざらむ
951,_953,葦引の山のまにまにかくれなむうき世中はあるかひもなし
952,_954,世中のうけくにあきぬ奥山のこのはにふれる雪やけなまし
953,もののべのよしな_955,"おなじもじなきうた
よのうきめ見えぬ山ぢへいらむにはおもふ人こそほだしなりけれ"
954,凡河内みつね_956,"山のほうしのもとへつかはしける
世をすてて山にいる人山にても猶うき時はいづちゆくらむ"
955,_957,"物思ひける時、いときなきこを見てよめる
今更になにおひいづらむ竹のこのうきふししげき世とはしらずや"
956,よみ人しらず_958,"題しらず
世にふれば事のはしげきくれ竹のうきふしごとに鶯ぞなく"
957,_959,木にもあらず草にもあらぬ竹のよのはしにわが身はなりぬべらなり
958,_960,わが身からうき世中となづけつつ人のためさへかなしかるらむ
959,たかむらの朝臣_961,"おきのくににながされて侍りける時によめる
思ひきやひなのわかれにおとろへてあまのなはたきいさりせむとは"
960,在原行平朝臣_962,"田むらの御時に、事にあたりてつのくにのすまとい   
ふ所にこもり侍りけるに、宮のうちに侍りける人につかはしける"
961,をののはるかぜ_963,"左近将監とけて侍りける時に、女のとぶらひにおこ   
せたりける返事によみてつかはしける"
962,平さだふん_964,"つかさとけて侍りける時よめる
うき世にはかどさせりとも見えなくになどかわが身のいでがてにする"
963,_965,有りはてぬいのちまつまのほどばかりうきことしげくおもはずもがな
964,みやぢのきよき_966,"みこの宮のたちはきに侍りけるを、宮づかへつかう   
まつらずとてとけて侍りける時によめる"
965,清原深養父_967,"時なりける人の、にはかに時なくなりてなげくを   
見て、みづからのなげきもなくよろこびもなきことを思ひてよめる"
966,伊勢_968,"かつらに侍りける時に、七条の中宮のとはせ給へり   
ける御返事にたてまつれりける"
967,なりひらの朝臣_969,"紀のとしさだが阿波のすけにまかりける時に、むま   
のはなむけせむとて、けふといひおくれりける時に、ここかしこにまかりありきて夜ふ   
くるまで見えざりければつかはしける"
968,_970,"惟喬のみこのもとにまかりかよひけるを、かしらお   
ろしてをのといふ所に侍りけるに、正月にとぶらはむとてまかりたりけるに、ひえの山   
のふもとなりければ雪いとふかかりけり、しひてかのむろにまかりいたりてをがみける   
に、つれづれとしていと物がなしくて、かへりまうできてよみておくりける"
969,_971,"深草のさとにすみ侍りて京へまうでくとて、そこな   
りける人によみておくりける"
970,よみ人しらず_972,"返し
野とならばうづらとなきて年はへむかりにだにやは君がこざらむ"
971,_973,"題しらず
我を君なにはの浦に有りしかばうきめをみつのあまとなりにき"
972,_974,"返し
なにはがたうらむべきまもおもほえずいづこを見つのあまとかはなる"
973,_975,今更にとふべき人もおもほえずやへむぐらしてかどさせりてへ
974,みつね_976,"ともだちのひさしうまうでこざりけるもとによみ   
てつかはしける"
975,_977,"人をとはでひさしうありけるをりにあひうらみけれ   
ばよめる"
976,_978,"むねをかのおほよりがこしよりまうできたりける時   
に、雪のふりけるを見て、おのがおもひはこのゆきのごとくなむつもれるといひけるを   
りによめる"
977,宗岳大頼_979,"返し
君をのみ思ひこしぢのしら山はいつかは雪のきゆる時ある"
978,きのつらゆき_980,"こしなりける人につかはしける
思ひやるこしの白山しらねどもひと夜も夢にこえぬよぞなき"
979,よみ人しらず_981,"題しらず
いざここにわが世はへなむ菅原や伏見の里のあれまくもをし"
980,_982,わがいほはみわの山もとこひしくはとぶらひきませすぎたてるかど
981,きせんほうし_983,わがいほは宮このたつみしかぞすむ世をうぢ山と人はいふなり
982,よみ人しらず_984,あれにけりあはれいくよのやどなれやすみけむ人のおとづれもせぬ
983,よしみねのむねさだ_985,"ならへまかりける時に、あれたる家に女の琴ひきけ   
るをききてよみていれたりける"
984,二条_986,"はつせにまうづる道に、ならの京にやどれりける時   
よめる"
985,よみ人しらず_987,"題しらず
世中はいづれかさしてわがならむ行きとまるをぞやどとさだむる"
986,_988,相坂の嵐のかぜはさむけれどゆくへしらねばわびつつぞぬる
987,_989,風のうへにありかさだめぬちりの身はゆくへもしらずなりぬべらなり
988,伊勢_990,"家をうりてよめる
あすかがはふちにもあらぬわがやどもせにかはりゆく物にぞ有りける"
989,きのとものり_991,"つくしに侍りける時にまかりかよひつつごうちける   
人のもとに、京にかへりまうできてつかはしける"
990,みちのく_992,"女ともだちと物がたりしてわかれてのちにつかはし   
ける"
991,ふぢはらのただふさ_993,"寛平御時にもろこしのはう官にめされて侍りける時   
に、東宮のさぶらひにてをのこどもさけたうべけるついでによみ侍りける"
992,よみ人しらず_994,"題しらず
風ふけばおきつ白浪たつた山よはにや君がひとりこゆらむ"
993,_995,たがみそぎゆふつけ鳥か唐衣たつたの山にをりはへてなく
994,_996,わすられむ時しのべとぞ浜千鳥ゆくへもしらぬあとをとどむる
995,文屋ありすゑ_997,"貞観御時、万葉集はいつばかりつくれるぞととはせ   
給ひければよみてたてまつりける"
996,大江千里_998,寛平御時哥たてまつりけるついでにたてまつりける
997,ふぢはらのかちおむ_999,ひとしれず思ふ心は春霞たちいでてきみがめにも見えなむ
998,伊勢_1000,"哥めしける時にたてまつるとてよみて、おくに   
かきつけてたてまつりける"
999,よみ人しらず_1001,"題しらず
あふことのまれなるいろにおもひそめわが身はつねにあまぐものはるる時なくふじのねのもえつつとはにおもへどもあふことかたしなにしかも人をうらみむわたつみのおきをふかめておもひてしおもひはいまはいたづらになりぬべらなりゆく水のたゆる時なくかくなわにおもひみだれてふるゆきの    けなばけぬべく    おもへども    えぶの身なればなほやまずおもひはふかしあしひきの山した水のこがくれてたぎつ心をたれにかもあひかたらはむいろにいでば人しりぬべみすみぞめのゆふべになればひとりゐてあはれあはれとなげきあまりせむすべなみににはにいでてたちやすらへばしろたへの衣のそでにおくつゆのけなばけぬべくおもへどもなほなげかれぬはるがすみよそにも人にあはむとおもへば"
1000,_1002,"ふるうたたてまつりし時のもくろくの、そのながう   
た"
1001,壬生忠岑_1003,"ふるうたにくはへてたてまつれるながうた
くれ竹の世世のふることなかりせばいかほのぬまのいかにして思ふ心をのばへましあはれむかしべありきてふ人まろこそはうれしけれ身はしもながらことのはをあまつそらまできこえあげすゑのよまでのあととなし今もおほせのくだれるはちりにつげとやちりの身につもれる事をとはるらむこれをおもへばけだもののくもにほえけむ心地してちぢのなさけもおもほえずひとつ心ぞほこらしきかくはあれどもてるひかりちかきまもりの身なりしをたれかは秋のくる方にあざむきいでてみかきよりとのへもる身のみかきもりをさをさしくもおもほえずここのかさねのなかにてはあらしの風もきかざりき今はの山しちかければ春は霞にたなびかれ夏はうつせみなきくらし秋は時雨に袖をかし冬はしもにぞせめらるるかかるわびしき身ながらにつもれるとしをしるせればいつつのむつになりにけりこれにそはれるわたくしのおいのかずさへやよければ身はいやしくて年たかきことのくるしさかくしつつながらのはしのながらへてなにはのうらにたつ浪の浪のしわにやおぼほれむさすがにいのちをしければこしのくになるしら山のかしらはしろくなりぬともおとはのたきのおとにきくおいずしなずのくすりがも君がやちよをわかえつつ見む"
1002,_1004,君が世にあふさか山のいはし水こがくれたりと思ひけるかな
1003,凡河内躬恒_1005,"冬のなかうた
ちはやぶら神な月とやけさよりはくもりもあへずはつ時雨紅葉とともにふるさとのよしのの山の山あらしもさむく日ごとになりゆけばたまのをとけてこきちらしあられみだれてしも氷いやかたまれるにはのおもにむらむら見ゆる冬草のうへにふりしく白雪のつもりつもりてあらたまのとしをあまたもすぐしつるかな"
1004,伊勢_1006,"七条のきさきうせたまひにけるのちによみける
おきつなみあれのみまさる宮のうちはとしへてすみしいせのあまも舟ながしたる心地してよらむ方なくかなしきに涙の色のくれなゐは我らがなかの時雨にて秋のもみぢと人人はおのがちりぢりわかれなばたのむかげなくなりはててとまる物とは花すすききみなき庭にむれたちてそらをまねかばはつかりのなき渡りつつよそにこそ見め"
1005,よみ人しらず_1007,"題しらず
うちわたすをち方人に物まうすわれそのそこにしろくさけるはなにの花ぞも"
1006,_1008,"返し
春さればのべにまづさく見れどあかぬ花まひなしにただなのるべき花のななれや"
1007,_1009,"題しらず
はつせ河ふるかはのべにふたもとあるすぎ年をへて又もあひ見むふたもとあるすぎ"
1008,つらゆき_1010,きみがさすみかさの山のもみぢばのいろ神な月しぐれのあめのそめるなりけり
1009,よみ人しらず_1011,"題しらず
梅花見にこそきつれ鶯の人く人くといとひしもをる"
1010,素性法師_1012,山吹の花色衣ぬしやたれとへどこたへずくちなしにして
1011,藤原敏行朝臣_1013,いくばくの田をつくればか郭公しでのたをさをあさなあさなよぶ
1012,藤原かねすけの朝臣_1014,"七月六日たなばたの心をよみける
いつしかとまたく心をはぎにあげてあまのかはらをけふやわたらむ"
1013,凡河内みつね_1015,"題しらず
むつごともまだつきなくにあけぬめりいづらは秋のながしてふよは"
1014,僧正へんぜう_1016,秋ののになまめきたてるをみなへしあなかしかまし花もひと時
1015,よみ人しらず_1017,あきくればのべにたはるる女郎花いづれの人かつまで見るべき
1016,_1018,秋ぎりのはれてくもればをみなへし花のすがたぞ見えかくれする
1017,_1019,花と見てをらむとすればをみなへしうたたあるさまの名にこそ有りけれ
1018,在原むねやな_1020,"寛平御時きさいの宮の哥合のうた
秋風にほころびぬらしふぢばかまつづりさせてふ蟋蟀なく"
1019,清原ふかやぶ_1021,"あすはるたたむとしける日、となりの家のかたより   
風の雪をふきこしけるを見て、そのとなりへよみてつかはしける"
1020,よみ人しらず_1022,"題しらず
いその神ふりにしこひの神さびてたたるに我はいぞねかねつる"
1021,_1023,枕よりあとよりこひのせめくればせむ方なみぞとこなかにをる
1022,_1024,こひしきが方も方こそ有りときけたてれをれどもなき心ちかな
1023,_1025,ありぬやと心見がてらあひ見ねばたはぶれにくきまでぞこひしき
1024,_1026,みみなしの山のくちなしえてしかな思ひの色のしたぞめにせむ
1025,_1027,葦引の山田のそほづおのれさへ我をほしてふうれはしきこと
1026,きのめのと_1028,ふじのねのならぬおもひにもえばもえ神だにけたぬむなしけぶりを
1027,きのありとも_1029,あひ見まく星はかずなく有りながら人に月なみ迷ひこそすれ
1028,小野小町_1030,人にあはむ月のなきには思ひおきてむねはしり火に心やけをり
1029,藤原おきかぜ_1031,"寛平御時きさいの宮の哥合のうた
春霞たなびくのべのわかなにもなり見てしかな人もつむやと"
1030,よみ人しらず_1032,"題しらず
おもへども猶うとまれぬ春霞かからぬ山もあらじとおもへば"
1031,平貞文_1033,春の野のしげき草ばのつまごひにとびたつきじのほろろとぞなく
1032,きのよしひと_1034,秋ののにつまなきしかの年をへてなぞわがこひのかひよとぞなく
1033,みつね_1035,蝉の羽のひとへにうすき夏衣なればよりなむ物にやはあらぬ
1034,ただみね_1036,かくれぬのしたよりおふるねぬなはのねぬなはたてじくるないとひそ
1035,よみ人しらず_1037,ことならば思はずとやはいひはてぬなぞ世中のたまだすきなる
1036,_1038,おもふてふ人の心のくまごとににたちかくれつつ見るよしもがな
1037,_1039,思へどもおもはずとのみいふなればいなやおもはじ思ふかひなし
1038,_1040,我をのみ思ふといはばあるべきをいでや心はおほぬさにして
1039,_1041,われを思ふ人をおもはぬむくいにやわが思ふ人の我をおもはぬ
1040,ふかやぶ_1042,思ひけむ人をぞともにおもはましまさしやむくいなかりけりやは
1041,よみ人しらず_1043,いでてゆかむ人をとどめむよしなきにとなりの方にはなもひぬかな
1042,_1044,紅にそめし心もたのまれず人をあくにはうつるてふなり
1043,_1045,いとはるるわが身ははるのこまなれやのがひがてらにはなちすてつゝ
1044,_1046,鶯のこぞのやどりのふるすとや我には人のつれなかるらむ
1045,_1047,さかしらに夏は人まねささのはのさやぐしもよをわがひとりぬる
1046,平中興_1048,逢ふ事の今ははつかになりぬれば夜ふかからでは月なかりけり
1047,左のおほいまうちぎみ_1049,もろこしのよしのの山にこもるともおくれむと思ふ我ならなくに
1048,なかき_1050,雲はれぬあさまの山のあさましや人の心を見てこそやまめ
1049,伊勢_1051,なにはなるながらのはしもつくるなり今はわが身をなににたとへむ
1050,よみ人しらず_1052,まめなれどなにぞはよけくかるかやのみだれてあれどあしけくもなし
1051,おきかぜ_1053,なにかその名の立つ事のをしからむしりてまどふは我ひとりかは
1052,くそ_1054,いとこなりけるをとこによそへて人のいひければ
1053,さぬき_1055,"題しらず
ねぎ事をさのみききけむやしろこそはてはなげきのもりとなるらめ"
1054,大輔_1056,なげきこる山としたかくなりぬればつらづゑのみぞまづつかれける
1055,よみ人しらず_1057,なげきをばこりのみつみてあしひきの山のかひなくなりぬべらなり
1056,_1058,人こふる事をおもにとになひもてあふごなきこそわびしかりけれ
1057,_1059,よひのまにいでていりぬるみか月のわれて物思ふころにもあるかな
1058,_1060,そゑにとてとすればかかりかくすればあないひしらずあふさきるさに
1059,_1061,世中のうきたびごとに身をなげばふかき谷こそあさくなりなめ
1060,在原元方_1062,よのなかはいかにくるしと思ふらむここらの人にうらみらるれば
1061,よみ人しらず_1063,なにをして身のいたづらにおいぬらむ年のおもはむ事ぞやさしき
1062,おきかぜ_1064,身はすてつ心をだにもはふらさじつひにはいかがなるとしるべく
1063,千さと_1065,白雪の友にわが身はふりぬれど心はきえぬ物にぞありける
1064,よみ人しらず_1066,"題しらず
梅花さきてののちの身なればやすき物とのみ人のいふらむ"
1065,みつね_1067,"法星にし河におはしましたりける日、さる山のかひ   
にさけぶといふことを題にてよませたまうける"
1066,よみ人しらず_1068,"題しらず
世をいとひこのもとごとにたちよりてうつぶしぞめのあさのきぬなり"
1067,_1069,"おほなのびのうた
あたらしき年の始にかくしこそちとせをかねてたのしきをつめ"
1068,_1070,"ふるきやまとまひのうた
しもとゆふかづらき山にふる雪のまなく時なくおもほゆるかな"
1069,_1071,"あふみぶり
近江よりあさたちくればうねののにたづぞなくなるあけぬこのよは"
1070,_1072,"みづくきぶり
水くきのをかのやかたにいもとあれとねてのあさけのしものふりはも"
1071,_1073,"しはつ山ぶり
しはつ山うちいでて見ればかさゆひのしまこぎかくるたななしをぶね"
1072,_1074,"とりもののうた
神がきのみむろの山のさかきばは神のみまへにしげりあひにけり"
1073,_1075,しもやたびおけどかれせぬさかきばのたちさかゆべき神のきねかも
1074,_1076,まきもくのあなしの山の山人と人も見るがに山かづらせよ
1075,_1077,み山にはあられふるらしとやまなるまさきのかづらいろづきにけり
1076,_1078,みちのくのあだちのまゆみわがひかばすゑさへよりこしのびしのびに
1077,_1079,わがかどのいたゐのし水さととほみ人しくまねばみくさおひにけり
1078,_1080,"ひるめのうた
ささのくまひのくま河にこまとめてしばし水かへかげをだに見む"
1079,_1081,"かへしもののうた
あをやぎをかたいとによりて鶯のぬふてふ笠は梅の花がさ"
1080,_1082,まがねふくきびの中山おびにせるほそたに河のおとのさやけさ
1081,_1083,美作やくめのさら山さらさらにわがなはたてじよろづよまでに
1082,_1084,みののくに関のふぢ河たえずして君につかへむよろづよまでに
1083,_1085,きみが世は限もあらじながはまのまさごのかずはよみつくすとも
1084,大伴くろぬし_1086,近江のやかがみの山をたてたればかねてぞ見ゆる君がちとせは
1085,_1087,"みちのくのうた
あぶくまに霧立ちくもりあけぬとも君をばやらじまてばすべなし"
1086,_1088,みちのくはいづくはあれどしほがまの浦こぐ舟のつなでかなしも
1087,_1089,わがせこを宮こにやりてしほがまのまがきのしまの松ぞこひしき
1088,_1090,をぐろさきみつのこじまの人ならば宮このつとにいざといはましを
1089,_1091,みさぶらひみかさと申せ宮木ののこのしたつゆはあめにまされり
1090,_1092,もがみ河のぼればくだるいな舟のいなにはあらずこの月ばかり
1091,_1093,君をおきてあだし心をわがもたばすゑの松山浪もこえなむ
1092,_1094,"さがみうた
こよろぎのいそたちならしいそなつむめざしぬらすなおきにをれ浪"
1093,_1095,"ひたちうた
つくばねのこのもかのもに影はあれど君がみかげにますかげはなし"
1094,_1096,つくばねの峯のもみぢばおちつもりしるもしらぬもなべてかなしも
1095,_1097,"かひうた
かひがねをさやにも見しがけけれなくよこほりふせるさやの中山"
1096,_1098,かひがねをねこし山こし吹く風を人にもがもや事づてやらむ
1097,_1099,"伊勢うた
をふのうらにかたえさしおほひなるなしのなりもならずもねてかたら   
はむ"
1098,藤原敏行朝臣_1100,"冬の賀茂のまつりのうた
ちはやぶるかものやしろのひめこまつよろづ世ふともいろはかはらじ"
1099,_1101,"ひぐらし
そま人は宮木ひくらしあしひきの山の山びこよびとよむなり"
1100,勝臣_1102,かけりてもなにをかたまのきても見むからはほのほとなりにしものを
1101,つらゆき_1103,"くれのおも
こし時とこひつつをればゆふぐれのおもかげにのみ見えわたるかな"
1102,をののこまち_1104,"おきのゐ、みやこじま
おきのゐて身をやくよりもかなしきは宮こしまべのわかれなりけり"
1103,あやもち_1105,"そめどの、あはた
うきめをばよそめとのみぞのがれゆく雲のあはたつ山のふもとに"
1104,_1106,"奥菅の根しのぎふる雪、下
けふ人をこふる心は大井河ながるる水におとらざりけり"
1105,_1107,わぎもこにあふさか山のしのすすきほにはいでずもこひわたるかな
1106,_1108,"こひしくはしたにを思へ紫の、下
いぬがみのとこの山なるなとり河いさとこたへよわがなもらすな"
1107,うねめのたてまつれる_1109,"返し
山しなのおとはのたきのおとにのみ人のしるべくわがこひめやも"
1108,_1110,"思ふてふことのはのみや秋をへて、下　　   
そとほりひめのひとりゐてみかどをこひたてまつりて"
1109,つらゆき_1111,"深養父、こひしとはたがなづけけむ事ならむ、下
みちしらばつみにもゆかむすみのえの岸におふてふこひわすれぐさ"
